presc_id,presc_fullname,presc_specialty,presc_state_code
1,Miraan Singh,Cardiology,WB
2,Kavya Iyer,Neurology,TN
3,Damini Jain,Radiology,KA
4,Rohit Bhat,General,DL
5,Ishaan Reddy,Pediatrics,JH
6,Shiv Sharma,Radiology,RJ
7,Pranay Prasad,Radiology,OD
8,Sneha Nair,Anesthesiology,WB
9,Aarav Shah,Dermatology,UK
10,Nikhil Desai,Endocrinology,UP
11,Neha Shah,Gastroenterology,TN
12,Ishaan Kapoor,ENT,KL
13,Rahul Agarwal,Endocrinology,MH
14,Mohit Mishra,ENT,MP
15,Ishaan Mishra,Nephrology,CG
16,Kiran George,Pulmonology,MN
17,Priya Prasad,Orthopedics,MH
18,Amani Iyer,Nephrology,KA
19,Sneha Naik,ENT,MP
20,Pooja Nair,Pulmonology,GJ
21,Anil Chopra,Oncology,HP
22,Pooja Prasad,Orthopedics,TR
23,Miraan Gupta,Radiology,PB
24,Aisha Nair,Psychiatry,WB
25,Miraan Prasad,Radiology,PB
26,Damini Desai,General,PB
27,Advik Pandey,Gastroenterology,MP
28,Pooja Patel,Oncology,MN
29,Suresh Reddy,Urology,MP
30,Pranay Nair,Neurology,WB
31,Ananya Iyer,Radiology,AS
32,Ritu Jain,Anesthesiology,OD
33,Rohit Kapoor,Pulmonology,PB
34,Ananya Bose,Urology,KA
35,Arjun Naik,ENT,UP
36,Miraan Gupta,Ophthalmology,TR
37,Vihaan Kapoor,Psychiatry,TR
38,Mohit Bose,Endocrinology,AS
39,Aarav Saxena,ENT,HP
40,Anand Shah,Endocrinology,CG
41,Amit Singh,Nephrology,OD
42,Aisha Nair,Cardiology,WB
43,Meena Shah,Dermatology,JH
44,Krishna Naik,Nephrology,CG
45,Meena Agarwal,Oncology,UP
46,Anil Shah,Dermatology,AS
47,Ramesh D'Souza,Cardiology,TR
48,Suresh Chatterjee,Cardiology,TN
49,Anil George,Nephrology,PB
50,Arjun Iyer,Anesthesiology,KA
51,Ishaan Jain,Urology,KA
52,Anand Shah,Neurology,UP
53,Amani Chatterjee,Radiology,GJ
54,Ritu Bose,Ophthalmology,RJ
55,Anand Shah,Oncology,UK
56,Vijay Kapoor,Pulmonology,BR
57,Ramesh Nair,ENT,PB
58,Sneha Patel,Gastroenterology,DL
59,Rohit Mishra,Pediatrics,MN
60,Sneha Sharma,Orthopedics,UK
61,Miraan Verma,Pediatrics,KA
62,Advik Naik,Gastroenterology,KA
63,Meena Iyer,Endocrinology,HP
64,Sapna Reddy,Radiology,UP
65,Harish Trivedi,Urology,PB
66,Rashmi Pandey,Ophthalmology,RJ
67,Krishna Singh,Ophthalmology,KL
68,Nikhil Bhat,Obstetrics/Gynecology,MH
69,Damini Nath,ENT,MH
70,Manish Jain,Gastroenterology,TN
71,Kavya Reddy,Oncology,AS
72,Karan Kumar,Ophthalmology,GJ
73,Pooja Nair,Pediatrics,KA
74,Karan Pandey,Radiology,TN
75,Arjun Nath,Radiology,DL
76,Ishaan D'Souza,Pediatrics,GJ
77,Rakesh Chatterjee,Urology,RJ
78,Manish George,General,GJ
79,Sunil Sharma,Psychiatry,WB
80,Mohit Mehta,Ophthalmology,UK
81,Gaurav Saxena,Urology,UP
82,Priya Mehta,Oncology,MH
83,Rohit Jain,Radiology,MH
84,Suresh Verma,General,MN
85,Rashmi Bose,Rheumatology,GJ
86,Arjun Bose,Orthopedics,GJ
87,Vihaan Agarwal,Orthopedics,HP
88,Kavya Kapoor,ENT,MN
89,Kavya Trivedi,General,TR
90,Ishaan Bhat,Anesthesiology,MN
91,Ramesh Desai,Endocrinology,RJ
92,Amani Prasad,Gastroenterology,PB
93,Ritu Kapoor,Neurology,HP
94,Pranay Mehta,Obstetrics/Gynecology,AP
95,Vihaan Sharma,Obstetrics/Gynecology,TR
96,Harish Singh,Orthopedics,AS
97,Neha Bose,Endocrinology,UP
98,Rahul George,Orthopedics,PB
99,Anil Mehta,Dermatology,BR
100,Anand Prasad,Nephrology,TR
101,Pranay Bose,Cardiology,HP
102,Gaurav Mehta,ENT,UP
103,Ritu Singh,ENT,AS
104,Diya Joshi,Nephrology,TR
105,Neha Prasad,Gastroenterology,RJ
106,Damini Nath,Endocrinology,JH
107,Sapna Joshi,General,KA
108,Miraan Bhat,Endocrinology,MH
109,Aarav Desai,Neurology,CG
110,Ritu Gupta,Obstetrics/Gynecology,AS
111,Nikhil Mishra,Cardiology,TN
112,Vihaan George,Neurology,AS
113,Advik Rai,Pulmonology,MN
114,Gaurav Kumar,Ophthalmology,UP
115,Advik Mehta,Pulmonology,MH
116,Rahul Reddy,Pediatrics,HP
117,Krishna Chopra,Radiology,OD
118,Kiran Jain,Neurology,PB
119,Aisha Pandey,Dermatology,OD
120,Vivaan Gupta,Gastroenterology,OD
121,Amani Naik,Pediatrics,WB
122,Aisha Pandey,ENT,MP
123,Advik Naik,Urology,PB
124,Priya Rai,Obstetrics/Gynecology,KL
125,Vijay Rai,Pediatrics,PB
126,Vivaan Saxena,Oncology,MP
127,Amit Joshi,Orthopedics,WB
128,Rahul Nath,Rheumatology,MP
129,Damini Rai,Radiology,AP
130,Vivaan Singh,Endocrinology,GJ
131,Rohit Joshi,General,TN
132,Shiv Bhat,Pulmonology,AP
133,Nikhil Agarwal,Rheumatology,TN
134,Sunil George,Anesthesiology,RJ
135,Ritu Verma,Ophthalmology,DL
136,Ramesh D'Souza,Radiology,HP
137,Amani Reddy,Pulmonology,OD
138,Vihaan Saxena,Gastroenterology,TR
139,Suresh Saxena,ENT,HR
140,Meena Mehta,Ophthalmology,AP
141,Manish Prasad,Nephrology,AS
142,Ananya Reddy,Ophthalmology,HP
143,Sunil Saxena,Dermatology,TR
144,Harish Mehta,Psychiatry,AS
145,Aarav Mehta,Nephrology,RJ
146,Nikhil Pandey,Anesthesiology,TR
147,Pranay Desai,Obstetrics/Gynecology,BR
148,Karan Saxena,Oncology,JH
149,Rashmi Pandey,Dermatology,HP
150,Ishaan Mehta,Rheumatology,HP
151,Miraan Agarwal,Gastroenterology,KA
152,Kavya Saxena,Nephrology,PB
153,Priya Kumar,Cardiology,MH
154,Kavya Chatterjee,Orthopedics,BR
155,Rakesh George,Anesthesiology,RJ
156,Dharmajan Kapoor,Urology,MP
157,Kavya Kumar,Cardiology,TN
158,Nikhil Iyer,Dermatology,UK
159,Ramesh Nair,General,AS
160,Kavya D'Souza,ENT,BR
161,Ananya Pandey,Obstetrics/Gynecology,HP
162,Ramesh Mishra,Gastroenterology,BR
163,Kiran Rai,Rheumatology,OD
164,Gaurav Nair,Dermatology,CH
165,Karan Joshi,Pediatrics,CG
166,Pooja Shah,Rheumatology,CH
167,Miraan Iyer,Endocrinology,BR
168,Vihaan Prasad,Nephrology,PB
169,Pooja Desai,Gastroenterology,AS
170,Ishaan Kumar,Neurology,PB
171,Sunil Prasad,Neurology,UK
172,Neha Patel,Ophthalmology,OD
173,Amit Mishra,Obstetrics/Gynecology,OD
174,Arjun Reddy,Ophthalmology,MP
175,Rohit Prasad,Cardiology,MN
176,Sunil Chatterjee,Cardiology,KL
177,Vijay Shah,Psychiatry,OD
178,Anand Jain,Radiology,TR
179,Sneha Chatterjee,Pediatrics,WB
180,Nikhil Chatterjee,Cardiology,MP
181,Amit Saxena,Psychiatry,GJ
182,Mohit D'Souza,Neurology,TR
183,Anand Sharma,Psychiatry,MN
184,Harish Saxena,Cardiology,KA
185,Pranay Bhat,Neurology,BR
186,Saanvi Verma,Endocrinology,MP
187,Suresh Reddy,Obstetrics/Gynecology,AP
188,Amit Shah,Psychiatry,WB
189,Rakesh Joshi,Orthopedics,CH
190,Vivaan Jain,Radiology,MH
191,Rahul Iyer,Orthopedics,CG
192,Advik Shah,Cardiology,PB
193,Priya Rai,Cardiology,TR
194,Diya Iyer,Neurology,CH
195,Amani Singh,Anesthesiology,RJ
196,Mohit Prasad,Endocrinology,KL
197,Aisha Agarwal,ENT,GJ
198,Vijay Singh,Anesthesiology,DL
199,Vijay Trivedi,Psychiatry,MP
200,Priya Patel,Anesthesiology,UK
201,Miraan Iyer,ENT,UK
202,Vijay Naik,ENT,MN
203,Advik Chopra,Radiology,OD
204,Amani Chopra,Orthopedics,JH
205,Pranay Desai,Cardiology,OD
206,Sapna Singh,Ophthalmology,KL
207,Miraan George,Obstetrics/Gynecology,UK
208,Diya Bhat,Dermatology,JH
209,Pranay Joshi,Radiology,CH
210,Mohit Bhat,Anesthesiology,WB
211,Suresh Naik,Pediatrics,KA
212,Pooja George,Obstetrics/Gynecology,PB
213,Mohit Trivedi,Psychiatry,AP
214,Vivaan Chatterjee,Gastroenterology,GJ
215,Sapna Reddy,Pulmonology,WB
216,Amit Joshi,Endocrinology,AS
217,Aarav Bose,Oncology,KA
218,Kavya Jain,Ophthalmology,CH
219,Gaurav Shah,Pediatrics,UK
220,Rashmi Nath,Urology,BR
221,Vivaan Patel,Nephrology,PB
222,Manish Prasad,Pediatrics,HR
223,Amani Trivedi,Pulmonology,CH
224,Gaurav Bose,Pulmonology,OD
225,Gaurav Desai,Pulmonology,UK
226,Mohit Joshi,Nephrology,WB
227,Sneha Singh,Oncology,AP
228,Rohan Jain,Radiology,UK
229,Saanvi Reddy,Oncology,CH
230,Pooja Jain,Anesthesiology,JH
231,Shiv Mehta,ENT,RJ
232,Raj Iyer,Pulmonology,GJ
233,Vijay Sharma,Radiology,UP
234,Pooja Verma,General,AS
235,Raj Prasad,Neurology,CG
236,Sapna Singh,Cardiology,MN
237,Raj Chatterjee,Urology,BR
238,Amit Gupta,General,WB
239,Rashmi Singh,Orthopedics,MP
240,Sapna Patel,Anesthesiology,CG
241,Damini Verma,Neurology,UP
242,Harish Mehta,Orthopedics,PB
243,Rohan Mishra,Ophthalmology,TR
244,Shiv Pandey,Pediatrics,JH
245,Sunil Nair,Obstetrics/Gynecology,HR
246,Rohit Bhat,Nephrology,MN
247,Kiran Verma,ENT,RJ
248,Miraan Reddy,Endocrinology,HP
249,Ishaan Gupta,Pediatrics,GJ
250,Gaurav Patel,Dermatology,DL
251,Rakesh Nair,Urology,HR
252,Advik Iyer,Nephrology,UK
253,Raj Prasad,Obstetrics/Gynecology,KA
254,Damini Iyer,Endocrinology,CG
255,Rohit Saxena,Oncology,OD
256,Rohan Mishra,Pediatrics,CG
257,Diya D'Souza,Endocrinology,UP
258,Vihaan Verma,Dermatology,HR
259,Shiv Jain,Anesthesiology,HR
260,Karan Singh,Obstetrics/Gynecology,UK
261,Vijay Prasad,Psychiatry,WB
262,Meena Mishra,Urology,BR
263,Ishaan Agarwal,General,OD
264,Suresh Agarwal,Endocrinology,DL
265,Ishaan Iyer,Anesthesiology,MN
266,Vivaan Shah,Endocrinology,MN
267,Advik Shah,Dermatology,CH
268,Ramesh Nath,Obstetrics/Gynecology,WB
269,Saanvi Trivedi,Ophthalmology,CG
270,Sapna Patel,Urology,KL
271,Rakesh Desai,Gastroenterology,HP
272,Krishna Naik,Dermatology,AP
273,Rakesh Prasad,Urology,HR
274,Amani Kapoor,Radiology,MH
275,Mohit Patel,Gastroenterology,WB
276,Suresh Singh,Psychiatry,JH
277,Aarav Saxena,Radiology,BR
278,Rakesh Verma,Oncology,JH
279,Anil Agarwal,Urology,CG
280,Karan Shah,General,RJ
281,Pooja Mishra,Neurology,HR
282,Karan George,Urology,TN
283,Vivaan Nath,Pediatrics,UK
284,Aisha Mehta,Radiology,DL
285,Gaurav Bhat,Orthopedics,PB
286,Rohan Nair,ENT,CG
287,Diya Chatterjee,Nephrology,JH
288,Pooja Bhat,Urology,CH
289,Kavya Nair,Radiology,UP
290,Sunil Reddy,Rheumatology,UP
291,Vihaan Joshi,Ophthalmology,AP
292,Meena Joshi,Cardiology,HR
293,Vijay Rai,Anesthesiology,MN
294,Amani Chatterjee,Neurology,BR
295,Anand Chatterjee,Pulmonology,AP
296,Gaurav Shah,Radiology,MP
297,Mohit D'Souza,Gastroenterology,RJ
298,Dharmajan Iyer,Anesthesiology,MP
299,Sneha Naik,Ophthalmology,MH
300,Suresh Jain,Urology,UK
301,Sunil Kapoor,Neurology,CH
302,Advik Kumar,Rheumatology,MN
303,Amit Naik,ENT,BR
304,Krishna Bose,Obstetrics/Gynecology,DL
305,Diya Bhat,Neurology,KA
306,Rashmi Pandey,Endocrinology,AP
307,Kiran Prasad,Psychiatry,CG
308,Ishaan Naik,Gastroenterology,HP
309,Anand Kapoor,Gastroenterology,CG
310,Sapna Naik,Radiology,MH
311,Kiran Patel,Pediatrics,CG
312,Damini D'Souza,Nephrology,PB
313,Ishaan Bhat,ENT,CG
314,Krishna Nair,Dermatology,UK
315,Vijay George,Cardiology,MH
316,Suresh Pandey,General,HR
317,Rahul Chopra,Ophthalmology,UP
318,Kavya Bose,Ophthalmology,MN
319,Damini Pandey,Dermatology,GJ
320,Saanvi Patel,Psychiatry,TR
321,Damini Iyer,Urology,MN
322,Diya Iyer,Obstetrics/Gynecology,CG
323,Ritu Nair,Endocrinology,HP
324,Aarav George,Obstetrics/Gynecology,HR
325,Damini Mishra,Dermatology,KA
326,Karan Chopra,Anesthesiology,HR
327,Miraan Bhat,Endocrinology,BR
328,Vijay Reddy,Psychiatry,CH
329,Krishna Iyer,Psychiatry,MN
330,Rahul Trivedi,Nephrology,UK
331,Raj Sharma,Psychiatry,WB
332,Aarav Trivedi,General,TR
333,Sapna Rai,Nephrology,PB
334,Shiv Pandey,Pulmonology,PB
335,Miraan Reddy,Endocrinology,HP
336,Amani Saxena,Neurology,CG
337,Krishna George,General,HR
338,Karan Verma,Anesthesiology,KL
339,Ananya Patel,Nephrology,AP
340,Rakesh Gupta,Oncology,UP
341,Anand George,Pulmonology,JH
342,Meena D'Souza,Endocrinology,GJ
343,Ritu D'Souza,Urology,HR
344,Amit Pandey,ENT,BR
345,Vihaan Kumar,Pediatrics,HP
346,Damini Kapoor,Radiology,KL
347,Ishaan Pandey,Psychiatry,DL
348,Ritu Mishra,ENT,BR
349,Anil Saxena,Endocrinology,MN
350,Sunil Rai,Pulmonology,TN
351,Damini Iyer,Urology,DL
352,Kiran George,Radiology,AP
353,Kiran Iyer,Orthopedics,CG
354,Mohit D'Souza,Nephrology,CG
355,Rakesh Singh,Neurology,MH
356,Advik Mehta,Urology,TN
357,Krishna Iyer,Radiology,UP
358,Sunil Nair,Pulmonology,HP
359,Dharmajan Mishra,Ophthalmology,MN
360,Diya George,Ophthalmology,CG
361,Krishna Rai,Urology,TR
362,Rakesh Joshi,General,UK
363,Anil Reddy,Obstetrics/Gynecology,BR
364,Kavya Naik,Pulmonology,TN
365,Damini Chopra,Radiology,CG
366,Rahul Verma,Psychiatry,WB
367,Priya Singh,Obstetrics/Gynecology,KA
368,Amani Reddy,Cardiology,MH
369,Amit Iyer,Neurology,MN
370,Neha Patel,Radiology,RJ
371,Rohit Reddy,Pediatrics,AP
372,Diya Pandey,Cardiology,WB
373,Diya Kumar,Radiology,WB
374,Saanvi Singh,Cardiology,UP
375,Aarav Chopra,Pediatrics,MN
376,Suresh Sharma,Dermatology,WB
377,Arjun Kumar,Ophthalmology,JH
378,Rohan Jain,Orthopedics,CH
379,Karan Shah,Pulmonology,JH
380,Rohit Singh,Obstetrics/Gynecology,JH
381,Sneha Agarwal,General,HP
382,Ramesh Mehta,Obstetrics/Gynecology,CG
383,Vivaan Verma,Urology,MP
384,Nikhil Saxena,ENT,CH
385,Karan Patel,Orthopedics,AP
386,Shiv Kumar,Orthopedics,UP
387,Pooja Agarwal,Anesthesiology,AS
388,Suresh Kapoor,Rheumatology,HR
389,Mohit Bose,Ophthalmology,TN
390,Dharmajan Singh,Radiology,RJ
391,Nikhil Nair,Pediatrics,OD
392,Amit Rai,Obstetrics/Gynecology,MP
393,Rakesh Jain,ENT,AP
394,Nikhil Desai,Endocrinology,KL
395,Diya Saxena,Urology,KA
396,Ishaan Rai,Orthopedics,KA
397,Nikhil Singh,Pulmonology,UP
398,Gaurav Verma,Anesthesiology,AS
399,Gaurav Desai,ENT,OD
400,Rahul Naik,Ophthalmology,MH
401,Raj Agarwal,Nephrology,KL
402,Krishna Trivedi,Rheumatology,RJ
403,Diya Saxena,Urology,PB
404,Krishna Chopra,Radiology,KL
405,Rohan Shah,Endocrinology,MN
406,Sneha Pandey,Ophthalmology,AS
407,Kiran Agarwal,Radiology,DL
408,Shiv D'Souza,Endocrinology,DL
409,Saanvi Joshi,Nephrology,AP
410,Rahul Sharma,Dermatology,UP
411,Harish Saxena,Psychiatry,KA
412,Diya Jain,Cardiology,KA
413,Ramesh Reddy,Psychiatry,OD
414,Mohit Desai,Dermatology,KL
415,Vijay Jain,Gastroenterology,MN
416,Shiv Patel,General,UP
417,Aisha Shah,General,HP
418,Ishaan Joshi,Obstetrics/Gynecology,HP
419,Nikhil Chatterjee,Obstetrics/Gynecology,OD
420,Pooja Reddy,Rheumatology,TN
421,Rahul Bhat,ENT,HR
422,Damini Saxena,Anesthesiology,CH
423,Ramesh Saxena,Nephrology,MH
424,Sneha Kapoor,General,DL
425,Neha Mehta,Oncology,UP
426,Ritu Mehta,Gastroenterology,TN
427,Aarav Chatterjee,Ophthalmology,GJ
428,Ananya Kapoor,Radiology,UK
429,Sneha Bose,Radiology,HP
430,Rahul Patel,Psychiatry,MH
431,Nikhil Sharma,Obstetrics/Gynecology,KA
432,Suresh Trivedi,Ophthalmology,MN
433,Manish Prasad,Ophthalmology,HR
434,Rohan Kapoor,Cardiology,AP
435,Aisha Pandey,Obstetrics/Gynecology,UK
436,Anil Patel,Ophthalmology,TN
437,Kavya Bhat,Anesthesiology,MP
438,Ramesh Patel,Psychiatry,HR
439,Amit Iyer,Gastroenterology,GJ
440,Vihaan Bose,ENT,JH
441,Meena Reddy,Pulmonology,KL
442,Pranay Rai,Neurology,PB
443,Krishna Kumar,Endocrinology,RJ
444,Saanvi Agarwal,Neurology,CG
445,Vihaan Gupta,Urology,BR
446,Harish Shah,Anesthesiology,BR
447,Damini D'Souza,Anesthesiology,CG
448,Miraan Agarwal,Gastroenterology,CG
449,Suresh Kumar,Obstetrics/Gynecology,KA
450,Rashmi Nair,Nephrology,WB
451,Rohit Verma,Pulmonology,JH
452,Vihaan Mehta,Obstetrics/Gynecology,BR
453,Advik Verma,Pulmonology,HR
454,Vihaan Nath,Orthopedics,TR
455,Shiv Bose,Psychiatry,BR
456,Rohit Mishra,General,BR
457,Harish Nath,Oncology,AP
458,Shiv Chatterjee,Rheumatology,UP
459,Arjun Nair,ENT,AP
460,Ishaan Bose,Dermatology,MH
461,Kavya Prasad,Obstetrics/Gynecology,BR
462,Ramesh Bose,Dermatology,KL
463,Anil D'Souza,Nephrology,MP
464,Rakesh Shah,Gastroenterology,HP
465,Shiv Verma,Gastroenterology,KA
466,Amit Singh,Radiology,HP
467,Sunil Mehta,Endocrinology,HP
468,Shiv Naik,Neurology,AP
469,Ishaan Trivedi,Neurology,KL
470,Vijay Nath,Psychiatry,UP
471,Shiv Prasad,Orthopedics,HR
472,Gaurav Kapoor,Gastroenterology,UP
473,Amani Prasad,Rheumatology,KA
474,Pranay Saxena,Ophthalmology,JH
475,Anil Sharma,Pulmonology,HR
476,Saanvi Reddy,Gastroenterology,CH
477,Priya Iyer,Neurology,UP
478,Vihaan Mehta,ENT,JH
479,Anand Rai,Rheumatology,MH
480,Amani Desai,Neurology,TR
481,Sunil Kumar,Dermatology,GJ
482,Dharmajan Shah,Dermatology,BR
483,Advik Bhat,Pulmonology,HP
484,Kavya Nair,Nephrology,BR
485,Sneha Mishra,Pediatrics,HR
486,Rashmi George,Oncology,KL
487,Damini Trivedi,Obstetrics/Gynecology,BR
488,Raj Shah,Psychiatry,JH
489,Ramesh Bhat,Dermatology,RJ
490,Shiv Kumar,Endocrinology,MH
491,Pranay Chatterjee,Pulmonology,AS
492,Krishna Prasad,Rheumatology,TN
493,Raj Patel,Dermatology,WB
494,Karan George,Rheumatology,UP
495,Nikhil Patel,Pediatrics,BR
496,Rahul D'Souza,Cardiology,OD
497,Arjun Kapoor,Rheumatology,KL
498,Kavya Kapoor,Orthopedics,KL
499,Sneha Sharma,Gastroenterology,TN
500,Pranay Desai,Neurology,UP
501,Advik Mehta,Urology,UK
502,Ananya Shah,Urology,BR
503,Kiran Sharma,Orthopedics,DL
504,Ritu Reddy,Neurology,AS
505,Shiv Bose,Ophthalmology,TN
506,Raj Iyer,Nephrology,TN
507,Arjun Iyer,Ophthalmology,CG
508,Kiran Nair,Orthopedics,TN
509,Sapna Agarwal,Radiology,DL
510,Miraan Bose,Anesthesiology,PB
511,Diya Mehta,Ophthalmology,DL
512,Kiran Chopra,Pediatrics,MN
513,Rakesh Gupta,Orthopedics,JH
514,Anil Patel,Rheumatology,AS
515,Meena Pandey,Rheumatology,AS
516,Vivaan Kapoor,Urology,MH
517,Miraan Kapoor,Pulmonology,WB
518,Vivaan Chopra,Orthopedics,KL
519,Kavya Jain,ENT,MN
520,Amit Kumar,General,KL
521,Anand Desai,Dermatology,HP
522,Mohit Prasad,Urology,CG
523,Saanvi Pandey,Neurology,KA
524,Mohit Verma,Nephrology,RJ
525,Advik Pandey,Oncology,MH
526,Suresh D'Souza,Nephrology,JH
527,Manish Rai,Radiology,CH
528,Ritu Verma,Oncology,HR
529,Rahul Naik,General,CG
530,Amit Joshi,ENT,KL
531,Nikhil George,Psychiatry,BR
532,Sunil Desai,Dermatology,CH
533,Dharmajan Chatterjee,Pulmonology,JH
534,Pooja Pandey,Orthopedics,OD
535,Ishaan Bhat,Dermatology,AS
536,Raj Desai,ENT,KA
537,Suresh Saxena,Nephrology,HR
538,Karan Agarwal,Ophthalmology,GJ
539,Dharmajan Nair,Pulmonology,BR
540,Advik Jain,Pulmonology,TR
541,Nikhil Joshi,General,KA
542,Amani Nath,Psychiatry,KL
543,Meena Pandey,Dermatology,DL
544,Diya Naik,Obstetrics/Gynecology,MH
545,Ananya Patel,Pediatrics,CG
546,Anil Chopra,Psychiatry,MN
547,Advik Agarwal,Neurology,HP
548,Karan Chopra,Pulmonology,BR
549,Vihaan Trivedi,Neurology,JH
550,Anil Kapoor,Gastroenterology,CG
551,Pooja Iyer,ENT,DL
552,Saanvi Chatterjee,Rheumatology,MP
553,Gaurav Singh,Endocrinology,WB
554,Karan Reddy,Nephrology,UK
555,Sapna Reddy,ENT,UP
556,Vihaan Nair,Dermatology,UK
557,Karan Patel,Gastroenterology,HP
558,Rahul Prasad,Orthopedics,AS
559,Anand Mehta,Nephrology,GJ
560,Dharmajan Nath,Dermatology,KL
561,Meena Iyer,ENT,RJ
562,Ananya Iyer,Urology,DL
563,Anil Mishra,Anesthesiology,KL
564,Mohit Pandey,Radiology,UP
565,Kiran George,Orthopedics,KA
566,Vijay Kapoor,Urology,JH
567,Rakesh Shah,Ophthalmology,MN
568,Vihaan Kumar,Gastroenterology,CG
569,Vihaan Nair,Obstetrics/Gynecology,HP
570,Ramesh Chopra,Neurology,AS
571,Miraan Trivedi,Dermatology,UP
572,Nikhil Bose,General,TN
573,Ramesh Kumar,Nephrology,GJ
574,Aisha Desai,Pediatrics,KL
575,Ramesh George,Nephrology,KA
576,Ritu Reddy,Radiology,WB
577,Ananya Nath,Nephrology,TR
578,Anand Patel,Rheumatology,CG
579,Aisha Trivedi,Anesthesiology,UP
580,Aisha Saxena,Gastroenterology,MN
581,Advik Rai,Cardiology,KA
582,Advik Nath,Anesthesiology,WB
583,Pranay Reddy,Anesthesiology,OD
584,Kiran Nath,Cardiology,CH
585,Miraan Mishra,Nephrology,CG
586,Vijay Chatterjee,Pediatrics,HP
587,Manish Mehta,Obstetrics/Gynecology,KA
588,Dharmajan Verma,Dermatology,BR
589,Rakesh Chatterjee,Obstetrics/Gynecology,RJ
590,Amit Agarwal,Neurology,AP
591,Suresh Jain,Pulmonology,MP
592,Ananya Shah,Pulmonology,JH
593,Gaurav Singh,Gastroenterology,PB
594,Mohit Singh,Endocrinology,BR
595,Kavya Kumar,ENT,MH
596,Raj Kapoor,Ophthalmology,PB
597,Aisha Rai,Gastroenterology,MN
598,Suresh Reddy,Dermatology,CH
599,Meena Nair,Urology,HR
600,Sapna Sharma,Orthopedics,MP
601,Meena Nair,Pediatrics,RJ
602,Rohit Chopra,General,MH
603,Raj Chatterjee,Urology,HR
604,Anand Sharma,ENT,OD
605,Ananya George,Endocrinology,KL
606,Manish Chopra,General,MP
607,Arjun Trivedi,Radiology,RJ
608,Anil Mishra,Nephrology,KA
609,Sunil Bose,Obstetrics/Gynecology,AS
610,Pooja Rai,ENT,UP
611,Krishna Kapoor,Pulmonology,AP
612,Gaurav Chopra,Neurology,RJ
613,Shiv Bose,Psychiatry,JH
614,Advik Verma,General,UP
615,Amit Pandey,Urology,JH
616,Mohit Kumar,Rheumatology,UP
617,Suresh D'Souza,Gastroenterology,GJ
618,Manish Agarwal,Nephrology,MN
619,Amit Bose,Rheumatology,AS
620,Sapna Prasad,Anesthesiology,HR
621,Rashmi Rai,Cardiology,KL
622,Amit Saxena,ENT,OD
623,Rohit Mehta,Cardiology,TR
624,Rashmi Joshi,Anesthesiology,MN
625,Sneha Jain,General,MN
626,Rashmi Gupta,Rheumatology,CG
627,Kiran Shah,Psychiatry,UP
628,Damini Iyer,General,MN
629,Dharmajan Singh,Oncology,DL
630,Karan Desai,Ophthalmology,UP
631,Rakesh Prasad,Oncology,OD
632,Meena Shah,Urology,MH
633,Ananya Bose,Oncology,AS
634,Suresh Saxena,Urology,JH
635,Sunil Desai,Dermatology,BR
636,Anand Desai,Radiology,KL
637,Damini Shah,Endocrinology,TR
638,Rashmi Reddy,Pediatrics,WB
639,Gaurav Mehta,Pediatrics,HR
640,Raj Prasad,Oncology,UK
641,Sapna Desai,Urology,KL
642,Gaurav D'Souza,Endocrinology,HR
643,Rohan Trivedi,Radiology,MP
644,Manish Rai,Pulmonology,UP
645,Raj Verma,Nephrology,UK
646,Ishaan Chopra,Obstetrics/Gynecology,CG
647,Ritu Jain,Urology,RJ
648,Priya Rai,Radiology,WB
649,Gaurav Prasad,Endocrinology,UP
650,Krishna Agarwal,Anesthesiology,PB
651,Kavya Verma,Rheumatology,PB
652,Miraan Iyer,General,TN
653,Rakesh Desai,Urology,TN
654,Damini Shah,Neurology,DL
655,Gaurav D'Souza,Dermatology,OD
656,Pranay D'Souza,Urology,CH
657,Pranay Reddy,Nephrology,AP
658,Raj Nath,General,KA
659,Pranay Trivedi,Pediatrics,AS
660,Advik D'Souza,Dermatology,OD
661,Saanvi D'Souza,General,MP
662,Sapna Gupta,Nephrology,MH
663,Aarav Mehta,Anesthesiology,TR
664,Krishna D'Souza,Gastroenterology,HR
665,Mohit Nath,Radiology,JH
666,Sapna George,Neurology,JH
667,Mohit Joshi,Oncology,TN
668,Amit Gupta,Obstetrics/Gynecology,CG
669,Ritu Prasad,Dermatology,DL
670,Amit Pandey,Nephrology,MN
671,Damini Shah,Oncology,GJ
672,Kiran Naik,Psychiatry,OD
673,Meena Desai,Orthopedics,MP
674,Amani Singh,Dermatology,UP
675,Rashmi Desai,Pediatrics,DL
676,Ritu Kapoor,Pediatrics,BR
677,Pooja Desai,Nephrology,MN
678,Harish Sharma,Endocrinology,CG
679,Anil Prasad,Pediatrics,MH
680,Amani Singh,Obstetrics/Gynecology,HR
681,Aisha Kapoor,Rheumatology,UK
682,Vijay Prasad,ENT,CG
683,Raj Chopra,Pediatrics,PB
684,Ananya Chatterjee,Neurology,BR
685,Shiv Chopra,Ophthalmology,UK
686,Gaurav D'Souza,Urology,AS
687,Amani Rai,Oncology,PB
688,Damini Shah,Orthopedics,JH
689,Karan Bose,Pulmonology,KA
690,Harish Singh,General,AS
691,Meena Reddy,Anesthesiology,AS
692,Diya Gupta,Gastroenterology,JH
693,Karan Singh,Oncology,UK
694,Rohit Chatterjee,Orthopedics,JH
695,Karan Pandey,General,BR
696,Ananya Bose,Ophthalmology,BR
697,Harish Verma,Radiology,BR
698,Damini Pandey,Nephrology,DL
699,Manish Joshi,Cardiology,RJ
700,Rohit Patel,General,OD
701,Rahul Prasad,Orthopedics,AS
702,Arjun D'Souza,Orthopedics,CH
703,Advik Mehta,Ophthalmology,GJ
704,Ananya Shah,Ophthalmology,KL
705,Sunil Nair,Psychiatry,MP
706,Ishaan Saxena,Radiology,UP
707,Pranay Naik,Pulmonology,TN
708,Saanvi Mishra,Psychiatry,JH
709,Ananya Jain,Pediatrics,DL
710,Vivaan Mehta,Obstetrics/Gynecology,HP
711,Anand Bhat,Radiology,MP
712,Sneha Iyer,Obstetrics/Gynecology,KL
713,Diya Joshi,Oncology,TN
714,Advik Pandey,Ophthalmology,TR
715,Vivaan Iyer,Oncology,KA
716,Krishna Agarwal,General,BR
717,Shiv Saxena,General,PB
718,Advik Kapoor,Obstetrics/Gynecology,PB
719,Anand Reddy,General,UP
720,Meena Mehta,Pediatrics,MN
721,Suresh Trivedi,Gastroenterology,PB
722,Vijay George,Neurology,HP
723,Ramesh Iyer,Ophthalmology,HR
724,Pooja Verma,Radiology,MN
725,Saanvi Nath,Ophthalmology,AS
726,Sapna Verma,Pulmonology,CG
727,Amani Kapoor,Rheumatology,AP
728,Dharmajan Bhat,Ophthalmology,UP
729,Vijay Kapoor,Dermatology,AS
730,Rashmi Iyer,Pediatrics,HR
731,Diya Pandey,Obstetrics/Gynecology,MH
732,Gaurav Bhat,Ophthalmology,AS
733,Ramesh Kumar,Psychiatry,PB
734,Ritu Reddy,Gastroenterology,CG
735,Ishaan D'Souza,Obstetrics/Gynecology,KL
736,Ishaan Mishra,Oncology,MH
737,Pooja Kapoor,General,KA
738,Priya Pandey,Anesthesiology,HP
739,Gaurav Reddy,Urology,RJ
740,Amit Mehta,Cardiology,RJ
741,Priya Jain,ENT,CH
742,Kavya Prasad,Oncology,MP
743,Kavya Mishra,Gastroenterology,HR
744,Sunil Nair,Radiology,CG
745,Rahul Mehta,Endocrinology,KL
746,Meena George,Urology,BR
747,Krishna Pandey,Urology,AP
748,Neha Chopra,Gastroenterology,OD
749,Advik Trivedi,Pediatrics,UP
750,Vivaan Joshi,Radiology,MN
751,Rohit Jain,Ophthalmology,HR
752,Diya Reddy,Gastroenterology,PB
753,Sunil Trivedi,Pediatrics,CH
754,Gaurav Nath,Gastroenterology,WB
755,Sapna Jain,Urology,BR
756,Aisha Jain,Pulmonology,GJ
757,Ananya Jain,Radiology,CH
758,Saanvi D'Souza,Radiology,CG
759,Arjun Bose,General,KA
760,Amani Verma,Cardiology,OD
761,Ananya Rai,Pediatrics,KA
762,Diya Sharma,Oncology,JH
763,Mohit Chopra,General,TR
764,Miraan Saxena,Urology,HP
765,Sapna Sharma,Cardiology,AS
766,Gaurav Bhat,Cardiology,DL
767,Ramesh Jain,Endocrinology,AS
768,Raj Sharma,Rheumatology,UK
769,Damini Bhat,Dermatology,TN
770,Krishna Bose,Neurology,PB
771,Priya Agarwal,Rheumatology,WB
772,Rahul Joshi,Psychiatry,KA
773,Anil Kapoor,Obstetrics/Gynecology,MN
774,Kavya Prasad,Pediatrics,HR
775,Damini Rai,Orthopedics,CG
776,Pranay Shah,General,KA
777,Manish Kapoor,Psychiatry,AS
778,Rashmi Verma,Cardiology,UK
779,Aisha Patel,Urology,OD
780,Pranay Pandey,Gastroenterology,MN
781,Krishna George,Rheumatology,MH
782,Sneha Reddy,Anesthesiology,CH
783,Pooja Verma,Orthopedics,HP
784,Pooja George,Radiology,MN
785,Amani Verma,Dermatology,AP
786,Vivaan Reddy,Anesthesiology,UP
787,Manish D'Souza,Orthopedics,HR
788,Aisha Trivedi,Pediatrics,MN
789,Sunil Saxena,Radiology,AP
790,Sunil Shah,Neurology,UK
791,Ishaan Bose,Pulmonology,MH
792,Krishna Bhat,Pediatrics,KA
793,Amit Agarwal,Psychiatry,AP
794,Vivaan Nath,Endocrinology,BR
795,Sapna Iyer,Pulmonology,AS
796,Sunil Bhat,Dermatology,HP
797,Rohit Saxena,Psychiatry,KA
798,Kiran Mehta,Pediatrics,UK
799,Vihaan Patel,Endocrinology,UP
800,Sunil Prasad,Neurology,MP
801,Suresh Chopra,ENT,KA
802,Aarav Mehta,Obstetrics/Gynecology,KL
803,Pooja Singh,Neurology,KA
804,Saanvi Bhat,Obstetrics/Gynecology,AS
805,Gaurav Bose,Ophthalmology,TN
806,Vivaan Patel,Pulmonology,AS
807,Ishaan Agarwal,Gastroenterology,MP
808,Aarav Mehta,Ophthalmology,MP
809,Ishaan Jain,Radiology,PB
810,Harish Bose,Dermatology,HP
811,Sunil Gupta,Neurology,WB
812,Vijay Joshi,Urology,UP
813,Vihaan Gupta,Ophthalmology,WB
814,Rakesh Mehta,Urology,KA
815,Anil Joshi,Pediatrics,CG
816,Sapna Agarwal,Oncology,BR
817,Krishna Kumar,Nephrology,DL
818,Manish Desai,Psychiatry,AP
819,Karan Desai,Ophthalmology,CG
820,Shiv Kumar,Nephrology,AP
821,Shiv Prasad,Oncology,CH
822,Suresh Gupta,Psychiatry,AP
823,Raj Jain,Urology,MN
824,Kavya Desai,Psychiatry,WB
825,Manish Chopra,ENT,MN
826,Priya Trivedi,Radiology,GJ
827,Damini Shah,Radiology,DL
828,Mohit Prasad,Oncology,BR
829,Raj Rai,Orthopedics,OD
830,Damini Chatterjee,Neurology,CG
831,Vijay Iyer,Endocrinology,HP
832,Diya Prasad,Ophthalmology,MP
833,Vihaan Nair,Urology,MN
834,Manish Mishra,Rheumatology,UK
835,Rakesh Mishra,General,KL
836,Dharmajan George,Radiology,TR
837,Miraan D'Souza,Orthopedics,TN
838,Kavya Saxena,Pulmonology,GJ
839,Pranay Agarwal,General,MN
840,Pranay Saxena,Psychiatry,AP
841,Nikhil Singh,Cardiology,TN
842,Ritu Iyer,Rheumatology,JH
843,Gaurav Trivedi,Anesthesiology,PB
844,Karan Chopra,Psychiatry,BR
845,Damini Trivedi,Rheumatology,UP
846,Rahul Sharma,Urology,TN
847,Raj Bhat,Orthopedics,TN
848,Diya Chopra,Nephrology,AP
849,Mohit Pandey,Oncology,JH
850,Rashmi Chopra,Urology,TN
851,Karan Jain,Obstetrics/Gynecology,AP
852,Vihaan Mehta,General,UK
853,Rohan Sharma,Gastroenterology,CG
854,Krishna Saxena,Dermatology,PB
855,Ramesh Gupta,Radiology,GJ
856,Amit Mishra,Ophthalmology,BR
857,Sneha Pandey,Psychiatry,CG
858,Saanvi Gupta,Ophthalmology,MP
859,Vivaan Jain,Oncology,BR
860,Rohit Bhat,Psychiatry,DL
861,Neha Reddy,Endocrinology,UK
862,Vihaan Trivedi,ENT,AS
863,Saanvi Chopra,Gastroenterology,RJ
864,Mohit Singh,Endocrinology,HP
865,Sapna Bose,Gastroenterology,TR
866,Sunil Agarwal,Psychiatry,MN
867,Rohan Chopra,Pulmonology,BR
868,Kiran Gupta,Nephrology,TR
869,Rohit Patel,Neurology,AP
870,Rohan Iyer,Nephrology,TN
871,Saanvi Chopra,Neurology,JH
872,Sunil Bhat,Neurology,MN
873,Sunil Bhat,Dermatology,CH
874,Miraan Mishra,Dermatology,AS
875,Aisha Chatterjee,Nephrology,UP
876,Saanvi Desai,Obstetrics/Gynecology,TR
877,Arjun Naik,Pulmonology,DL
878,Sapna Kumar,Oncology,MP
879,Gaurav Bose,Urology,OD
880,Damini Chatterjee,Ophthalmology,UK
881,Karan Chatterjee,Dermatology,KA
882,Harish Sharma,Pediatrics,HR
883,Advik Joshi,Pediatrics,AS
884,Raj Gupta,Obstetrics/Gynecology,MN
885,Sapna Mishra,Rheumatology,TN
886,Harish Singh,Endocrinology,AS
887,Anil Mishra,General,BR
888,Anand Reddy,Ophthalmology,TN
889,Pranay Shah,Pediatrics,HR
890,Advik Nair,Endocrinology,KL
891,Ishaan Nair,ENT,PB
892,Neha Pandey,Anesthesiology,UK
893,Rahul Naik,Ophthalmology,GJ
894,Kiran Kumar,Oncology,RJ
895,Arjun Trivedi,Pulmonology,AS
896,Pooja Agarwal,Radiology,GJ
897,Suresh Prasad,Nephrology,HR
898,Harish Joshi,Rheumatology,HP
899,Krishna Kumar,Ophthalmology,MH
900,Pooja Naik,Neurology,UK
901,Ananya Iyer,Neurology,UK
902,Suresh Rai,Pediatrics,HP
903,Manish Chatterjee,Neurology,MN
904,Miraan Joshi,Ophthalmology,MP
905,Karan Patel,Orthopedics,MP
906,Meena Jain,Endocrinology,UK
907,Anil Nair,Urology,AP
908,Rohit Sharma,Orthopedics,BR
909,Miraan Saxena,Pulmonology,KA
910,Anand Kapoor,Oncology,OD
911,Neha Chatterjee,Endocrinology,AP
912,Raj Desai,Radiology,MN
913,Ananya Trivedi,Urology,AP
914,Damini Shah,General,MH
915,Krishna Nath,Obstetrics/Gynecology,DL
916,Rohan D'Souza,Dermatology,BR
917,Mohit Sharma,Ophthalmology,RJ
918,Dharmajan D'Souza,Neurology,CG
919,Vijay Gupta,Endocrinology,KA
920,Pranay Chopra,Endocrinology,KA
921,Anil Saxena,Dermatology,MH
922,Manish Nath,Nephrology,UK
923,Sneha Bhat,Orthopedics,UK
924,Krishna Sharma,Oncology,CH
925,Vihaan Kumar,Anesthesiology,PB
926,Ramesh Saxena,Obstetrics/Gynecology,DL
927,Aarav Prasad,Gastroenterology,TN
928,Nikhil Prasad,Neurology,CH
929,Vihaan Iyer,Psychiatry,KA
930,Krishna Singh,Gastroenterology,KL
931,Vijay Kumar,Psychiatry,UP
932,Pranay Saxena,Neurology,KA
933,Ramesh Trivedi,Cardiology,TR
934,Pranay Gupta,Obstetrics/Gynecology,KL
935,Neha Nath,Neurology,OD
936,Kiran Saxena,Obstetrics/Gynecology,RJ
937,Ishaan George,ENT,UP
938,Rohan Trivedi,Psychiatry,KL
939,Nikhil Desai,Neurology,PB
940,Pooja Nath,Orthopedics,PB
941,Gaurav Agarwal,Nephrology,UK
942,Vivaan Naik,Nephrology,RJ
943,Ramesh Agarwal,Rheumatology,RJ
944,Manish Mehta,General,PB
945,Sapna Kapoor,ENT,PB
946,Sapna Nath,Orthopedics,JH
947,Aarav Chopra,Gastroenterology,UP
948,Sunil Naik,Anesthesiology,OD
949,Anil Mishra,Dermatology,CH
950,Vihaan Sharma,Anesthesiology,KA
951,Aarav Joshi,Oncology,MH
952,Arjun Pandey,Psychiatry,JH
953,Raj Nath,Rheumatology,OD
954,Nikhil Prasad,Psychiatry,KA
955,Miraan Mishra,Radiology,TR
956,Diya Joshi,Orthopedics,HR
957,Ishaan Bose,Oncology,UP
958,Anand Desai,Psychiatry,MN
959,Miraan Shah,Orthopedics,HR
960,Dharmajan Bhat,Pediatrics,MH
961,Kavya Patel,Ophthalmology,TN
962,Mohit Agarwal,General,HR
963,Amani Jain,Dermatology,TN
964,Aarav Prasad,Neurology,UK
965,Aarav Gupta,Urology,KL
966,Ramesh Bose,Endocrinology,GJ
967,Anil Kumar,Endocrinology,TN
968,Vivaan Desai,Ophthalmology,WB
969,Ramesh Patel,Endocrinology,UK
970,Harish Nath,Orthopedics,CH
971,Mohit Bose,Pulmonology,MH
972,Sapna Naik,Anesthesiology,GJ
973,Anil Gupta,Endocrinology,TN
974,Harish Saxena,ENT,PB
975,Meena Sharma,General,DL
976,Kavya Verma,Urology,KL
977,Sunil D'Souza,Neurology,GJ
978,Advik Mishra,Ophthalmology,PB
979,Suresh Iyer,Ophthalmology,AP
980,Pooja Rai,Orthopedics,MN
981,Anil Singh,Rheumatology,HP
982,Arjun Gupta,Pediatrics,JH
983,Advik Kapoor,Orthopedics,BR
984,Raj Shah,Nephrology,AP
985,Ishaan Mishra,Obstetrics/Gynecology,DL
986,Anil Reddy,Nephrology,MN
987,Vijay Jain,Pediatrics,BR
988,Anil Trivedi,Urology,RJ
989,Anand Shah,Pediatrics,UP
990,Aarav D'Souza,Ophthalmology,DL
991,Sneha Mishra,Pulmonology,CG
992,Dharmajan George,Cardiology,AP
993,Aarav Shah,Psychiatry,HR
994,Krishna Reddy,Rheumatology,PB
995,Rakesh Chatterjee,General,UP
996,Pooja Patel,General,PB
997,Ramesh Bhat,Pulmonology,BR
998,Ishaan Trivedi,ENT,JH
999,Ananya Nath,Psychiatry,KA
1000,Rohit Trivedi,General,OD
1001,Amani Kumar,Pediatrics,HR
1002,Ritu Naik,Gastroenterology,MP
1003,Dharmajan Rai,Gastroenterology,AP
1004,Karan Joshi,Pediatrics,KA
1005,Priya Kumar,Anesthesiology,TN
1006,Diya Singh,Dermatology,BR
1007,Mohit Desai,Ophthalmology,TN
1008,Anand Chopra,Oncology,BR
1009,Vijay Nair,Endocrinology,TN
1010,Ishaan Gupta,Nephrology,UK
1011,Dharmajan Agarwal,General,RJ
1012,Suresh Kumar,Orthopedics,UK
1013,Kavya Chopra,Psychiatry,JH
1014,Arjun Saxena,Nephrology,WB
1015,Saanvi Sharma,Psychiatry,BR
1016,Gaurav Jain,Radiology,PB
1017,Krishna Nair,ENT,UP
1018,Rohan Sharma,General,PB
1019,Ananya Reddy,Psychiatry,KL
1020,Damini Nath,Orthopedics,MN
1021,Rohit Joshi,Orthopedics,DL
1022,Vihaan Reddy,Obstetrics/Gynecology,UP
1023,Ishaan George,Gastroenterology,TN
1024,Advik Nair,General,GJ
1025,Harish Bhat,Psychiatry,CH
1026,Vivaan Kapoor,Ophthalmology,GJ
1027,Rahul Reddy,Dermatology,WB
1028,Pooja Nair,Neurology,MH
1029,Kiran Agarwal,Pediatrics,CG
1030,Raj Chatterjee,Ophthalmology,AS
1031,Rashmi Verma,Orthopedics,WB
1032,Sunil Kumar,Ophthalmology,RJ
1033,Pranay George,Rheumatology,PB
1034,Miraan Pandey,Radiology,DL
1035,Sunil Pandey,Pulmonology,CH
1036,Anand Pandey,Urology,KL
1037,Harish Bose,Gastroenterology,MP
1038,Pooja Gupta,Cardiology,AP
1039,Shiv Iyer,Cardiology,WB
1040,Arjun Pandey,Urology,JH
1041,Rahul Shah,Anesthesiology,PB
1042,Aisha Singh,Pediatrics,HP
1043,Kavya Joshi,Radiology,MH
1044,Sneha Trivedi,Psychiatry,KL
1045,Saanvi Gupta,Pediatrics,MN
1046,Suresh Pandey,Pulmonology,MN
1047,Vivaan Prasad,Pulmonology,MN
1048,Harish Kumar,Anesthesiology,RJ
1049,Sapna Mishra,Nephrology,GJ
1050,Sapna Verma,Orthopedics,MH
1051,Sneha Agarwal,Pediatrics,DL
1052,Ramesh Chatterjee,Cardiology,AP
1053,Kiran Reddy,Neurology,AP
1054,Saanvi D'Souza,Gastroenterology,MH
1055,Vivaan Kumar,Anesthesiology,UK
1056,Diya Shah,ENT,JH
1057,Anil Patel,Pulmonology,UK
1058,Amani Kapoor,Anesthesiology,TN
1059,Amit Mehta,Gastroenterology,UP
1060,Aisha Jain,Ophthalmology,CG
1061,Sapna Nath,Gastroenterology,GJ
1062,Gaurav Prasad,Pulmonology,PB
1063,Amani Trivedi,Dermatology,MP
1064,Vijay Jain,Nephrology,UP
1065,Saanvi Jain,Cardiology,UK
1066,Harish Kapoor,Anesthesiology,MH
1067,Saanvi Agarwal,Gastroenterology,TR
1068,Sneha Nath,Anesthesiology,TN
1069,Sapna Kumar,Gastroenterology,KA
1070,Kavya Chopra,Gastroenterology,GJ
1071,Miraan George,Orthopedics,UK
1072,Amani Nath,Gastroenterology,BR
1073,Aarav Joshi,Oncology,PB
1074,Dharmajan Patel,Pulmonology,WB
1075,Krishna Jain,Cardiology,MH
1076,Sunil Nair,Ophthalmology,GJ
1077,Rakesh Chatterjee,Psychiatry,KL
1078,Anand Kapoor,ENT,CH
1079,Harish Nath,Pediatrics,GJ
1080,Karan Patel,General,HR
1081,Vivaan Desai,Endocrinology,TN
1082,Vihaan Desai,Dermatology,MP
1083,Aisha Jain,Orthopedics,AS
1084,Ishaan Desai,Urology,UK
1085,Vivaan Bhat,Dermatology,TR
1086,Nikhil Gupta,General,TN
1087,Amit Reddy,Oncology,OD
1088,Dharmajan Mishra,Radiology,WB
1089,Amani Mehta,Nephrology,PB
1090,Krishna Verma,Psychiatry,MN
1091,Gaurav Rai,Urology,UP
1092,Arjun Chopra,Cardiology,OD
1093,Ishaan Mehta,Urology,RJ
1094,Krishna Sharma,Oncology,GJ
1095,Miraan Mehta,Orthopedics,CH
1096,Rohan Mehta,Psychiatry,CH
1097,Sapna George,Endocrinology,KA
1098,Pranay Mishra,Psychiatry,GJ
1099,Anil George,Psychiatry,KL
1100,Saanvi Nair,General,WB
1101,Karan Nair,Endocrinology,PB
1102,Pooja Trivedi,General,UP
1103,Dharmajan Saxena,ENT,KA
1104,Amani Chopra,Radiology,OD
1105,Rohit Iyer,Radiology,MH
1106,Sunil Rai,Rheumatology,OD
1107,Anand Saxena,Urology,MN
1108,Kavya Chatterjee,Nephrology,KA
1109,Manish George,General,JH
1110,Harish George,Rheumatology,MN
1111,Damini Agarwal,Neurology,TN
1112,Karan Gupta,Dermatology,RJ
1113,Priya Kumar,General,OD
1114,Ishaan Saxena,Ophthalmology,RJ
1115,Miraan Kumar,Endocrinology,AP
1116,Vihaan Patel,Psychiatry,AS
1117,Manish Mishra,Gastroenterology,WB
1118,Ramesh Nair,Cardiology,UK
1119,Kiran Trivedi,Rheumatology,OD
1120,Rohan Bhat,Neurology,UP
1121,Harish Trivedi,Anesthesiology,TN
1122,Krishna Trivedi,ENT,HR
1123,Anand George,Pulmonology,OD
1124,Ritu Kapoor,Urology,MN
1125,Shiv Chatterjee,General,GJ
1126,Pooja Kapoor,Neurology,TR
1127,Shiv Saxena,Psychiatry,MH
1128,Manish George,Gastroenterology,UK
1129,Kavya Verma,Urology,WB
1130,Anil Sharma,Gastroenterology,HR
1131,Vijay Joshi,Urology,UK
1132,Damini Singh,Pediatrics,UP
1133,Vijay Jain,Obstetrics/Gynecology,AP
1134,Pooja Jain,Ophthalmology,TR
1135,Pranay Patel,Oncology,BR
1136,Neha D'Souza,Ophthalmology,CH
1137,Ramesh Naik,Pulmonology,MH
1138,Meena Pandey,Dermatology,KA
1139,Vijay Prasad,Rheumatology,MP
1140,Ananya Shah,Rheumatology,MN
1141,Vivaan Gupta,Oncology,RJ
1142,Arjun Iyer,General,BR
1143,Arjun D'Souza,Pulmonology,UK
1144,Priya Joshi,Pulmonology,BR
1145,Meena Kapoor,ENT,HP
1146,Vivaan Iyer,Pulmonology,CH
1147,Shiv Nair,Dermatology,CH
1148,Rohit Mishra,Pulmonology,KL
1149,Aisha Rai,Endocrinology,UK
1150,Ishaan Mehta,Cardiology,MP
1151,Arjun Gupta,Anesthesiology,RJ
1152,Sneha Nath,Pediatrics,HP
1153,Neha Joshi,Ophthalmology,JH
1154,Vivaan Naik,Cardiology,CH
1155,Ananya Nath,Dermatology,TR
1156,Aarav Iyer,Endocrinology,TR
1157,Vijay Prasad,Endocrinology,OD
1158,Sunil Naik,Pulmonology,BR
1159,Ritu Reddy,Obstetrics/Gynecology,HR
1160,Damini Bose,Psychiatry,MN
1161,Krishna Sharma,Rheumatology,HP
1162,Anil Mishra,Nephrology,HR
1163,Damini Singh,Urology,KA
1164,Amit Joshi,Gastroenterology,WB
1165,Ritu Nath,Nephrology,RJ
1166,Diya Bose,Pediatrics,MH
1167,Shiv Kapoor,Gastroenterology,HP
1168,Ananya Jain,Cardiology,CG
1169,Sapna Mehta,Endocrinology,OD
1170,Manish Kapoor,General,MN
1171,Harish Rai,Oncology,AP
1172,Sneha Saxena,Radiology,CG
1173,Rashmi D'Souza,Pulmonology,JH
1174,Vijay Naik,Dermatology,HP
1175,Gaurav Gupta,Nephrology,TN
1176,Rashmi Kumar,Endocrinology,AS
1177,Saanvi Saxena,Gastroenterology,CG
1178,Ishaan Iyer,Pulmonology,PB
1179,Vijay Bhat,Gastroenterology,KL
1180,Ritu Trivedi,Nephrology,BR
1181,Rohan Chatterjee,General,CG
1182,Rohit Trivedi,Orthopedics,CH
1183,Priya Bose,ENT,HP
1184,Sunil Bose,Nephrology,OD
1185,Arjun Naik,Neurology,UP
1186,Priya Desai,Ophthalmology,MN
1187,Mohit Kumar,Gastroenterology,UK
1188,Saanvi Shah,Orthopedics,CH
1189,Amit Nath,Dermatology,AP
1190,Miraan Verma,Cardiology,BR
1191,Pooja Reddy,Dermatology,MN
1192,Aisha Chatterjee,Orthopedics,UP
1193,Kiran Bhat,Ophthalmology,MP
1194,Nikhil Chatterjee,Psychiatry,DL
1195,Advik Mishra,Oncology,KL
1196,Aarav George,Gastroenterology,JH
1197,Priya Sharma,Cardiology,CG
1198,Kavya Iyer,Pulmonology,HR
1199,Ananya Singh,Psychiatry,JH
1200,Rohit Mehta,Dermatology,KA
