presc_specialty,presc_state_code,drug_type,drug_brand_name,total_drug_cost,brand_prescriber_count,presc_total_claims_history,y_true_total_claims,y_pred_total_claims
Neurology,MH,unknown,Welltril920,5220.92,14,834,38,88.22
ENT,KA,unknown,Lifefer599,30580.88,12,845,195,172.78
Nephrology,PB,unknown,Medicillin551,14606.51,10,786,164,108.23
Orthopedics,CG,unknown,Arovir972,22116.49,15,198,128,137.88
Urology,BR,unknown,Healcin727,4417.19,9,553,64,58.52
Obstetrics/Gynecology,HP,unknown,Healmox733,2443.12,11,836,35,75.86
Obstetrics/Gynecology,CG,unknown,Curecin659,9803.36,8,468,105,103.37
ENT,PB,unknown,Medivex954,2311.87,14,605,29,77.21
Gastroenterology,KL,unknown,Swasthvir415,15625.93,11,731,76,124.78
Pulmonology,MN,unknown,Ashamox628,27591.52,14,315,132,157.2
ENT,AS,unknown,Curefer853,15333.61,8,183,183,112.16
Endocrinology,GJ,unknown,Apexvex997,20931.23,13,1050,129,133.32
Pediatrics,HR,unknown,Medidol536,3870.65,12,1052,183,70.37
Endocrinology,BR,unknown,Aroprofen376,9797.86,8,792,75,95.25
Dermatology,WB,unknown,Apexvex937,17295.28,13,537,108,131.83
ENT,OD,unknown,Healvirin673,13084.51,15,593,108,111.84
Oncology,HR,unknown,Neodol741,975.57,11,740,6,14.17
Orthopedics,PB,unknown,Healvir641,373.15,10,171,7,10.48
Nephrology,RJ,unknown,Medistat951,17793.22,7,274,99,123.01
Oncology,OD,unknown,Arotril170,2252.7,14,293,104,49.34
Endocrinology,AP,unknown,Neodol927,141.57,10,654,3,3.17
Gastroenterology,PB,unknown,Neodol785,5918.06,12,555,45,78.78
Nephrology,UP,unknown,Carelax908,30323.21,9,390,169,172.1
ENT,MN,unknown,Apexcillin857,20252.44,17,928,121,148.37
Endocrinology,UP,unknown,Healprofen82,3204.29,8,193,41,52.09
Pediatrics,BR,unknown,Healmox192,9646.1,5,629,124,82.29
Anesthesiology,KL,unknown,Apextril458,25851.81,5,574,192,163.98
Urology,MP,unknown,Medizide455,35164.5,15,264,171,186.02
Obstetrics/Gynecology,KA,unknown,Curefer890,20047.88,9,900,176,139.25
Ophthalmology,MN,unknown,Sanifer841,2253.74,11,673,122,67.25
Obstetrics/Gynecology,HP,unknown,Ashazide517,631.53,8,447,15,14.83
Radiology,OD,unknown,Apexzym196,9011.95,11,844,108,112.4
Radiology,MN,unknown,Curezym407,14517.39,12,521,120,114.82
Gastroenterology,BR,unknown,Caremox55,16749.24,15,1226,197,121.39
Urology,MH,unknown,Swasthstat954,10289.97,9,603,73,109.85
Gastroenterology,HP,unknown,Arotril124,7012.43,11,842,42,94.51
ENT,MN,unknown,Healvirin466,5048.33,14,928,78,93.61
ENT,MN,unknown,Medivirin149,20410.55,11,870,179,146.77
Anesthesiology,PB,unknown,Vitacillin351,9645.11,13,739,156,90.96
Anesthesiology,PB,unknown,Cureprofen228,5005.51,8,529,63,93.36
Obstetrics/Gynecology,BR,unknown,Vitafer533,24726.48,15,274,179,153.86
Dermatology,DL,unknown,Wellcillin322,14882.26,8,413,99,114.88
General,MH,unknown,Swasthstat954,4582.19,9,453,90,66.74
Ophthalmology,DL,unknown,Careprofen462,11903.15,13,603,82,93.03
Urology,MP,unknown,Neovex882,2891.34,14,583,67,41.19
Obstetrics/Gynecology,HP,unknown,Biovir544,19416.4,12,836,148,136.29
Psychiatry,OD,unknown,Medidol693,10797.71,8,954,78,110.41
Ophthalmology,MP,unknown,Biozide74,1056.65,11,569,19,14.12
General,DL,unknown,Ashavex93,27091.97,11,722,142,156.16
Neurology,CG,unknown,Lifemox165,25479.01,8,643,184,161.98
Psychiatry,JH,unknown,Medizide629,5489.2,14,689,51,77.85
Obstetrics/Gynecology,OD,unknown,Carezym649,975.76,10,182,33,22.28
Psychiatry,MN,unknown,Lifeprofen876,25192.17,11,679,154,158.48
General,WB,unknown,Zencillin529,131.72,17,512,4,2.56
Neurology,HP,unknown,Bioprofen499,3970.74,11,641,107,61.93
Endocrinology,KA,unknown,Neocin966,39.48,13,621,1,2.21
Rheumatology,WB,unknown,Zenvirin547,12584.41,9,725,99,139.76
Radiology,RJ,unknown,Heallax1,4072.16,7,665,29,82.64
General,BR,unknown,Ashamox628,21007.06,14,1064,97,139.9
Dermatology,TR,unknown,Arotril94,5764.23,12,243,52,66.28
Ophthalmology,GJ,unknown,Healcillin680,1254.8,11,481,9,33.16
Orthopedics,CH,unknown,Neofer634,1733.36,8,541,40,49.83
Gastroenterology,BR,unknown,Medivirin288,17639.13,14,933,196,144.85
Ophthalmology,DL,unknown,Neozide691,4453.15,14,603,117,73.1
Gastroenterology,MN,unknown,Welllax405,2282.58,12,367,20,56.11
Obstetrics/Gynecology,MN,unknown,Aromox297,2032.76,15,720,190,50.25
Endocrinology,WB,unknown,Curecin659,1515.35,8,756,147,32.27
Anesthesiology,PB,unknown,Swasthprofen711,30669.07,8,529,183,166.6
Pediatrics,MH,unknown,Ashazide614,14576.67,10,991,101,107.28
Dermatology,KL,unknown,Arodol427,33932.12,9,561,194,179.22
Urology,MN,unknown,Vitavir585,7528.21,10,785,71,69.74
Psychiatry,KA,unknown,Healzide566,6435.65,12,339,90,85.0
ENT,CH,unknown,Zenzym888,11152.11,8,1059,167,109.66
Orthopedics,CH,unknown,Carelax502,19564.39,16,821,196,138.51
Obstetrics/Gynecology,TR,unknown,Medidol872,16083.36,13,529,96,128.02
Rheumatology,HP,unknown,Biolax63,6867.57,7,435,89,78.86
Ophthalmology,TN,unknown,Lifefer681,548.36,15,328,36,16.09
General,MN,unknown,Aromox297,2015.01,15,771,30,60.94
Obstetrics/Gynecology,MH,unknown,Neovex307,305.25,15,551,22,5.72
Pulmonology,GJ,unknown,Curecillin274,9718.51,14,82,82,87.82
General,UK,unknown,Zenzym858,31736.42,10,559,162,183.95
Neurology,UK,unknown,Arovex870,26701.78,9,1504,126,182.57
Obstetrics/Gynecology,AP,unknown,Carezym368,7619.14,16,360,44,68.18
ENT,MN,unknown,Biolax228,8859.76,9,479,76,88.95
Gastroenterology,HP,unknown,Vitamox973,1712.27,14,923,23,89.82
Anesthesiology,OD,unknown,Wellvex11,18260.21,8,676,166,142.53
Ophthalmology,TN,unknown,Medizide452,7326.92,5,307,35,64.62
Urology,UK,unknown,Vitamox197,19885.21,7,776,106,149.37
Ophthalmology,KL,unknown,Ashaprofen729,22230.86,8,571,119,161.96
Ophthalmology,MH,unknown,Meditril676,4255.36,13,835,53,73.0
Dermatology,KA,unknown,Zenstat494,516.57,8,383,21,9.31
Radiology,UK,unknown,Sanifer340,3512.15,12,498,31,71.54
Psychiatry,JH,unknown,Arotril826,5270.24,10,371,56,50.44
Endocrinology,AP,unknown,Neozide816,27230.93,11,898,147,171.07
Cardiology,TN,unknown,Caremox55,8387.35,15,777,88,92.36
ENT,BR,unknown,Cureprofen611,29445.28,15,918,144,174.37
Obstetrics/Gynecology,TR,unknown,Lifemox165,39244.82,8,529,187,186.19
Gastroenterology,TN,unknown,Apexzym196,34177.89,11,350,167,177.45
Gastroenterology,CH,unknown,Medivirin312,7888.48,8,554,130,79.34
Cardiology,KL,unknown,Neofer82,4246.86,9,29,29,47.42
Urology,MH,unknown,Ashadol971,13173.26,8,551,121,115.74
Nephrology,TN,unknown,Healcillin680,7330.09,11,202,122,69.09
Pulmonology,TN,unknown,Apexmox913,19872.52,10,863,99,134.91
Neurology,DL,unknown,Carecillin430,16608.61,8,574,112,125.7
Obstetrics/Gynecology,KL,unknown,Medizide455,20464.12,15,1150,162,136.43
Oncology,UK,unknown,Curezym840,4735.3,11,398,24,63.56
General,UP,unknown,Vitacillin927,7385.2,16,609,63,76.09
Pulmonology,TN,unknown,Apexmox621,3357.72,8,200,103,77.18
Neurology,UP,unknown,Wellzym636,1665.47,11,293,15,67.23
General,TN,unknown,Curecin691,1678.39,13,1087,12,55.37
Dermatology,WB,unknown,Curecillin536,25417.22,8,476,160,166.62
Rheumatology,JH,unknown,Carecillin874,4575.02,13,583,57,77.96
Gastroenterology,UK,unknown,Arostat294,1026.22,15,491,101,19.85
Neurology,UK,unknown,Biomox639,3916.91,8,410,31,59.74
Oncology,KA,unknown,Heallax258,342.25,11,537,10,6.51
Gastroenterology,MH,unknown,Vitazide589,7525.99,6,531,87,112.83
Endocrinology,OD,unknown,Neozide754,6622.32,11,770,100,110.75
Psychiatry,PB,unknown,Biovex473,10274.69,12,601,80,94.95
Ophthalmology,CG,unknown,Vitafer533,520.93,15,9,9,11.73
Orthopedics,AP,unknown,Apexlax99,620.03,10,668,12,18.72
Ophthalmology,MP,unknown,Swasthvir374,1781.19,9,481,24,40.37
Orthopedics,PB,unknown,Zentril800,1791.92,11,171,52,35.42
Endocrinology,GJ,unknown,Carezym649,15221.25,10,351,136,94.54
Urology,KL,unknown,Apexcillin857,405.1,17,392,12,8.69
Obstetrics/Gynecology,BR,unknown,Wellvex11,3603.63,8,630,63,58.76
Dermatology,OD,unknown,Sanivir864,17980.69,10,471,148,128.1
Obstetrics/Gynecology,KA,unknown,Carevir940,17189.63,15,684,117,129.83
Ophthalmology,PB,unknown,Arotril170,19371.33,14,316,118,125.8
Urology,MN,unknown,Lifemox860,15974.24,10,340,97,123.01
Endocrinology,AS,unknown,Carelax6,14661.88,15,462,142,118.13
Ophthalmology,UP,unknown,Curedol685,8268.75,8,554,126,87.75
General,TN,unknown,Sanivir864,3276.64,10,276,76,49.1
Endocrinology,AS,unknown,Healvir641,2351.79,10,896,83,60.16
Psychiatry,CH,unknown,Healcillin124,4020.31,15,673,119,85.3
Urology,DL,unknown,Vitamox973,4972.52,14,679,22,67.84
Anesthesiology,AS,unknown,Swasthvex584,33593.22,10,652,190,179.67
Ophthalmology,MP,unknown,Ashamox987,12251.31,13,569,116,99.2
Orthopedics,UP,unknown,Ashamox457,20946.43,13,1273,144,138.58
Dermatology,UK,unknown,Curezide690,1629.51,15,175,14,53.6
Ophthalmology,PB,unknown,Aroprofen376,14705.5,8,320,145,108.65
Urology,JH,unknown,Healprofen82,11979.06,8,499,171,97.09
Neurology,KA,unknown,Bioprofen499,28967.77,11,757,194,166.65
Radiology,CG,unknown,Vitafer340,19455.28,19,632,144,127.41
General,PB,unknown,Carevir717,10078.55,7,818,122,113.76
General,RJ,unknown,Apexmox896,20009.49,8,643,111,139.74
Obstetrics/Gynecology,DL,unknown,Swasthcin514,2350.51,7,1152,32,95.87
Orthopedics,GJ,unknown,Wellvir735,9231.35,10,747,49,90.38
ENT,UP,unknown,Carezym564,16475.89,8,693,127,140.81
General,UP,unknown,Wellcin885,19568.79,15,633,129,143.12
Pediatrics,CG,unknown,Sanicillin530,39433.46,6,1104,173,181.21
Ophthalmology,WB,unknown,Sanivirin963,6321.62,13,998,140,110.36
General,MN,unknown,Vitafer960,17116.72,11,384,86,118.2
Obstetrics/Gynecology,WB,unknown,Carezide136,2305.17,11,888,49,100.39
Neurology,TR,unknown,Lifestat423,8347.36,8,771,194,87.4
Anesthesiology,CG,unknown,Healfer23,2020.5,9,361,102,52.29
Urology,BR,unknown,Wellvirin56,8117.35,11,846,183,101.44
Orthopedics,HP,unknown,Ashavex496,9550.05,9,290,71,111.75
Urology,UP,unknown,Neodol785,793.01,12,1200,5,27.01
Dermatology,MH,unknown,Neomox211,13605.84,10,575,163,108.94
Urology,AS,unknown,Vitafer340,7035.54,19,1112,154,86.17
Pulmonology,HR,unknown,Welllax523,24358.87,10,597,115,164.66
Rheumatology,CH,unknown,Lifemox417,13460.38,15,890,142,126.68
General,GJ,unknown,Neofer71,151.92,14,344,14,1.67
Dermatology,KA,unknown,Apexvirin676,19036.91,13,383,166,122.72
Ophthalmology,GJ,unknown,Vitazym494,15469.14,11,714,80,122.83
Psychiatry,HR,unknown,Ashadol298,24300.58,13,273,192,155.71
Neurology,AP,unknown,Neotril745,16059.02,15,578,135,111.36
Neurology,AS,unknown,Wellmox798,4954.26,11,489,112,71.15
Radiology,KA,unknown,Sanivex389,590.53,10,352,14,12.64
Obstetrics/Gynecology,MN,unknown,Vitavir7,21899.53,13,548,101,148.62
Pulmonology,TN,unknown,Vitalax472,12307.02,11,683,73,104.23
ENT,HP,unknown,Medivex954,3533.79,14,1100,36,86.7
Oncology,CH,unknown,Medivex8,283.76,9,205,20,11.55
Obstetrics/Gynecology,HP,unknown,Zencin10,9263.78,14,480,55,92.86
Pediatrics,MH,unknown,Apexmox656,40395.15,6,991,174,180.03
Oncology,MP,unknown,Swasthdol436,15673.9,11,542,81,135.21
Endocrinology,PB,unknown,Apexcin306,8735.53,16,722,71,83.16
Psychiatry,CH,unknown,Carezym368,9457.67,16,673,183,106.91
Endocrinology,AS,unknown,Sanistat391,34812.99,7,896,180,177.02
Dermatology,WB,unknown,Swasthzide788,10970.54,9,537,138,125.6
General,TR,unknown,Apexmox621,7655.11,8,875,170,98.11
Ophthalmology,HP,unknown,Zenvir446,3609.43,15,241,55,48.35
Pediatrics,JH,unknown,Carezym649,17670.82,10,1217,116,129.58
Nephrology,UK,unknown,Swasthtril822,29948.75,8,708,171,189.3
Neurology,CG,unknown,Healstat994,234.5,12,925,10,5.51
Pulmonology,UK,unknown,Curelax858,5256.05,11,129,122,52.69
Urology,OD,unknown,Carevirin378,3767.85,6,374,58,66.17
Obstetrics/Gynecology,KL,unknown,Sanizide153,20308.81,13,1150,123,134.59
Obstetrics/Gynecology,RJ,unknown,Vitamox783,2779.97,11,691,146,53.43
ENT,MH,unknown,Medivirin288,7682.79,14,538,42,73.13
Ophthalmology,MH,unknown,Sanivex389,31647.43,10,442,180,173.32
Pediatrics,HP,unknown,Sanizide444,1698.0,11,823,181,40.82
Endocrinology,HP,unknown,Medidol536,13491.5,12,926,101,137.71
Psychiatry,MP,unknown,Ashavex212,29368.87,15,512,187,166.05
Anesthesiology,OD,unknown,Biomox294,1241.25,8,676,86,38.12
Orthopedics,JH,unknown,Vitafer340,13270.05,19,488,152,114.81
Pediatrics,HP,unknown,Ashamox987,402.74,13,77,5,17.17
Anesthesiology,PB,unknown,Healtril753,18746.68,7,535,173,146.65
Rheumatology,AS,unknown,Swasthfer298,1222.57,11,398,25,50.69
Pediatrics,HR,unknown,Ashavir50,16577.48,10,1456,168,134.87
Obstetrics/Gynecology,CG,unknown,Arovir972,6761.54,15,415,182,62.14
Psychiatry,WB,unknown,Neoprofen369,7818.0,9,938,88,99.7
ENT,KL,unknown,Cureprofen611,12346.7,15,793,102,107.14
ENT,RJ,unknown,Lifevirin270,19186.27,10,397,171,134.51
Oncology,RJ,unknown,Ashazym762,18077.27,8,401,186,135.9
Nephrology,PB,unknown,Ashacin705,37911.35,12,786,200,191.83
Cardiology,MN,unknown,Neotril745,2444.29,15,599,82,45.12
ENT,MN,unknown,Swasthcin793,3612.35,14,353,26,66.27
Neurology,CG,unknown,Medicin856,32808.58,8,925,177,177.45
Pulmonology,UP,unknown,Neodol785,5251.42,12,980,147,112.66
Rheumatology,PB,unknown,Lifecillin235,15634.63,13,713,122,119.0
Anesthesiology,MP,unknown,Medistat835,36972.43,17,570,168,191.26
Orthopedics,JH,unknown,Curetril365,5499.86,16,465,139,61.82
Urology,TN,unknown,Sanizide444,830.69,11,364,43,15.79
Nephrology,AP,unknown,Medivex8,9659.35,9,352,67,105.35
Orthopedics,UP,unknown,Vitacillin927,9834.53,16,1273,61,118.45
Pulmonology,OD,unknown,Zentril751,1782.2,15,413,29,60.7
ENT,KA,unknown,Carezym368,2214.41,16,723,53,118.25
Neurology,AP,unknown,Ashamox606,730.3,10,434,24,15.95
Psychiatry,OD,unknown,Vitacillin927,1766.79,16,363,52,60.44
Ophthalmology,KL,unknown,Mediprofen799,1177.92,14,571,29,18.69
Orthopedics,TN,unknown,Medizide455,2097.68,15,436,27,31.68
Nephrology,UK,unknown,Biofer988,10759.83,8,445,70,105.83
Psychiatry,AP,unknown,Arostat294,4412.27,15,602,101,85.06
ENT,JH,unknown,Apexfer332,3823.31,8,676,86,64.89
Radiology,MH,unknown,Carezym249,8233.55,11,377,70,90.3
Ophthalmology,AS,unknown,Medizym504,5324.21,8,292,57,68.98
Nephrology,KA,unknown,Vitatril457,10507.5,9,561,78,100.4
Cardiology,AS,unknown,Wellfer420,28019.7,13,587,141,162.93
Endocrinology,UP,unknown,Swasthcillin531,3037.28,11,299,38,52.25
Dermatology,WB,unknown,Ashavex126,5234.53,8,537,44,95.58
Oncology,CH,unknown,Neofer71,14506.71,14,182,92,94.84
Cardiology,MH,unknown,Neozym303,521.6,9,251,5,18.91
Rheumatology,TN,unknown,Apexfer761,14734.96,11,621,186,112.33
Radiology,GJ,unknown,Apexcin306,4271.91,16,471,122,47.6
Cardiology,UP,unknown,Medivex258,8681.25,7,821,186,110.59
Endocrinology,TN,unknown,Swasthvir71,8158.2,8,513,62,80.43
Radiology,GJ,unknown,Healdol155,4100.75,4,688,24,114.47
Cardiology,TR,unknown,Apexcillin857,7243.06,17,547,114,69.14
Dermatology,UK,unknown,Curezym840,8624.91,11,651,42,139.92
Ophthalmology,MP,unknown,Wellstat916,1775.03,9,466,116,45.28
Endocrinology,JH,unknown,Sanidol745,2495.14,14,470,29,41.07
ENT,MP,unknown,Swasthcillin531,30288.24,11,578,171,168.84
Endocrinology,UK,unknown,Apexprofen369,2510.71,11,499,183,28.99
Obstetrics/Gynecology,KL,unknown,Zenvex833,3304.21,11,185,29,58.8
Pediatrics,HR,unknown,Healcillin539,18591.55,10,758,101,141.52
Pulmonology,AS,unknown,Healzym92,21420.44,10,387,97,145.79
Obstetrics/Gynecology,KA,unknown,Aromox645,20954.77,9,558,120,143.6
Pediatrics,KA,unknown,Ashaprofen638,12087.41,14,909,148,100.18
Radiology,GJ,unknown,Curemox588,21649.93,12,688,119,136.2
Oncology,AP,unknown,Healcillin124,2104.63,15,600,179,44.94
Neurology,CG,unknown,Vitatril45,20121.39,10,925,105,130.45
Oncology,JH,unknown,Carecillin961,1796.3,18,164,103,42.71
Nephrology,MP,unknown,Sanistat882,854.14,9,464,71,21.93
Obstetrics/Gynecology,AP,unknown,Zenstat432,366.13,9,136,37,7.58
Urology,RJ,unknown,Lifemox165,23372.8,8,874,142,153.56
Orthopedics,KL,unknown,Apexcin715,21693.03,10,697,180,141.23
ENT,JH,unknown,Wellzym636,5834.72,11,676,36,90.02
Pulmonology,DL,unknown,Curevir803,6823.95,13,664,101,68.72
Pediatrics,MH,unknown,Swasthcin793,2363.97,14,866,44,52.57
Pulmonology,JH,unknown,Biovex77,5692.53,9,475,142,78.25
Endocrinology,PB,unknown,Carevex448,435.11,15,722,2,11.8
Oncology,BR,unknown,Swasthcin793,14674.44,14,868,179,111.91
Pulmonology,CH,unknown,Bioprofen561,4293.16,7,635,37,85.58
Radiology,PB,unknown,Swasthprofen900,13649.62,12,865,121,112.47
Nephrology,KL,unknown,Ashatril139,15440.82,16,414,84,128.05
Anesthesiology,WB,unknown,Apexdol811,14594.56,8,476,80,114.01
Rheumatology,MH,unknown,Biofer988,4602.85,8,219,79,60.89
Gastroenterology,KL,unknown,Aromox297,31718.97,15,1087,196,184.17
Ophthalmology,TN,unknown,Neomox257,3424.12,12,407,150,35.44
General,MN,unknown,Sanitril974,8191.42,5,314,94,88.17
Pulmonology,PB,unknown,Wellvir735,18400.53,10,232,178,121.95
Psychiatry,MN,unknown,Ashazide859,3598.69,12,962,56,86.17
Psychiatry,JH,unknown,Heallax722,13302.54,8,694,95,111.43
Orthopedics,MP,unknown,Medivirin288,4769.61,14,477,121,87.66
Oncology,HP,unknown,Welllax405,6904.93,12,421,82,94.51
ENT,MP,unknown,Zenvex833,8320.32,11,742,137,84.2
Urology,BR,unknown,Sanitril633,12633.24,15,846,127,116.92
Urology,MP,unknown,Zendol82,9125.19,7,264,44,98.07
Endocrinology,DL,unknown,Zenzide397,6383.38,12,644,178,64.34
Rheumatology,HP,unknown,Vitafer533,1562.73,15,492,63,41.29
Neurology,AP,unknown,Apexcin129,2853.78,10,950,50,68.89
Ophthalmology,UP,unknown,Healvirin261,1574.21,13,554,17,51.16
Gastroenterology,KA,unknown,Sanimox516,10383.19,3,337,190,93.0
Obstetrics/Gynecology,TR,unknown,Medivirin288,20784.64,14,529,126,136.79
Endocrinology,UP,unknown,Sanicillin705,2303.05,12,591,13,47.21
Radiology,PB,unknown,Arovex226,5233.88,9,536,47,69.98
Gastroenterology,HR,unknown,Cureprofen228,8336.71,8,499,69,114.11
Rheumatology,HP,unknown,Sanistat945,41766.17,9,492,194,188.86
Orthopedics,DL,unknown,Vitazym137,390.66,17,296,13,6.94
Nephrology,PB,unknown,Healdol271,13268.75,8,432,76,106.78
Oncology,MN,unknown,Medizide455,4246.5,15,728,54,51.2
Rheumatology,AS,unknown,Vitazide172,14468.18,15,481,175,109.81
Cardiology,MH,unknown,Curestat83,476.84,7,125,14,17.63
Obstetrics/Gynecology,DL,unknown,Sanistat882,5394.72,9,345,71,62.25
Psychiatry,JH,unknown,Medicin6,18842.18,13,689,190,139.04
Nephrology,MN,unknown,Healvir559,18457.6,10,979,128,146.59
Obstetrics/Gynecology,CG,unknown,Vitalax491,12869.78,14,415,62,111.2
ENT,UP,unknown,Sanicin900,16422.36,11,1068,176,132.58
Dermatology,JH,unknown,Swasthvir250,6192.91,8,696,76,104.38
Neurology,BR,unknown,Ashaprofen638,16056.72,14,478,97,120.5
Neurology,MP,unknown,Arostat294,19205.61,15,747,115,133.77
Nephrology,JH,unknown,Welldol776,17223.07,11,584,197,130.36
Neurology,BR,unknown,Mediprofen276,17698.08,18,1225,194,138.48
Pulmonology,BR,unknown,Ashatril184,3749.34,17,872,94,74.22
Pulmonology,GJ,unknown,Vitalax306,6720.11,14,169,31,74.52
Pulmonology,MH,unknown,Apexcin306,22834.5,16,969,131,144.33
Orthopedics,BR,unknown,Sanivex389,204.48,10,859,6,1.91
Oncology,AS,unknown,Healvirin103,8273.78,9,633,55,81.8
Rheumatology,AS,unknown,Vitatril903,6763.15,11,481,176,76.72
Ophthalmology,RJ,unknown,Sanimox135,3874.49,11,400,27,54.4
Radiology,MH,unknown,Arovirin33,8177.2,16,674,63,82.46
Pediatrics,KA,unknown,Arovirin33,20712.91,16,749,89,141.81
Endocrinology,GJ,unknown,Neovex649,12588.98,9,1050,158,128.9
Radiology,UP,unknown,Sanitril633,26850.41,15,462,128,164.0
Anesthesiology,MN,unknown,Sanizym356,1495.22,8,495,75,35.84
General,HR,unknown,Lifevirin270,3821.17,10,697,49,75.11
Obstetrics/Gynecology,HR,unknown,Wellstat301,1921.43,6,534,74,44.08
Gastroenterology,MP,unknown,Sanilax793,2516.38,8,380,114,51.43
Dermatology,AP,unknown,Lifevir353,27110.62,6,467,132,155.21
Nephrology,KL,unknown,Neozide691,23182.74,14,414,121,148.24
Nephrology,UP,unknown,Ashastat445,4624.27,6,392,31,45.93
Nephrology,WB,unknown,Apexvex303,678.11,13,610,4,19.67
Neurology,TR,unknown,Curelax858,13111.1,11,350,152,115.25
ENT,KA,unknown,Apexvex997,4272.65,13,845,134,91.24
ENT,OD,unknown,Apexlax32,12667.21,7,593,83,108.45
Radiology,PB,unknown,Swasthvirin29,8977.56,12,508,68,107.98
Anesthesiology,UK,unknown,Meditril764,10148.75,15,551,140,111.44
Urology,AS,unknown,Apexstat532,15606.8,11,1112,200,127.59
Cardiology,TR,unknown,Zenvir890,1107.86,6,176,16,22.0
Psychiatry,MN,unknown,Healprofen96,2720.21,6,203,17,48.14
Pulmonology,GJ,unknown,Arozym551,9529.13,12,518,88,102.24
Oncology,CH,unknown,Healcillin539,3864.07,10,276,167,52.82
Pediatrics,MN,unknown,Zenvirin82,18896.96,11,456,89,140.8
Radiology,TR,unknown,Vitazym788,22833.51,11,419,192,141.4
Neurology,UP,unknown,Sanicin62,3203.68,9,637,144,106.86
Rheumatology,TN,unknown,Meditril676,4462.46,13,615,88,88.63
Psychiatry,AS,unknown,Vitalax767,9584.82,15,525,84,92.46
Pediatrics,JH,unknown,Sanizym356,20318.61,8,303,114,133.35
Pediatrics,HR,unknown,Ashastat445,12151.8,6,758,88,91.74
Neurology,BR,unknown,Saniprofen728,8559.78,17,1225,61,102.34
Gastroenterology,HR,unknown,Apexstat23,28498.3,14,499,191,159.62
Orthopedics,JH,unknown,Healtril755,7525.03,10,442,98,77.18
Ophthalmology,AS,unknown,Arocin635,193.98,12,250,5,1.68
Orthopedics,UK,unknown,Arozym292,4397.05,11,452,109,66.02
General,PB,unknown,Arotril826,32375.17,10,818,162,176.99
Nephrology,AP,unknown,Ashafer618,24669.16,10,697,159,163.8
Neurology,MH,unknown,Curedol414,5873.19,13,375,30,70.67
Gastroenterology,CG,unknown,Swasthprofen711,6484.91,8,571,73,63.35
Urology,BR,unknown,Healvirin261,22482.4,13,846,154,159.51
Nephrology,UP,unknown,Carezide624,1473.65,12,390,37,38.79
Dermatology,OD,unknown,Vitatril903,3551.94,11,471,61,54.41
Radiology,MH,unknown,Neovex649,13097.19,9,278,99,104.04
Pediatrics,HR,unknown,Meditril562,4495.1,10,1456,36,87.47
Anesthesiology,KA,unknown,Arotril94,19640.49,12,435,90,140.16
Urology,DL,unknown,Zenstat163,1625.7,17,44,18,38.03
Psychiatry,WB,unknown,Apexvirin676,2055.54,13,938,36,69.79
Radiology,AS,unknown,Wellcillin322,18662.13,8,746,125,145.04
Dermatology,KA,unknown,Sanistat774,12474.92,9,759,83,102.43
ENT,GJ,unknown,Zenvir553,24908.36,9,409,125,157.1
Psychiatry,AS,unknown,Curedol414,6476.41,13,525,173,63.56
Rheumatology,OD,unknown,Mediprofen228,20141.26,9,419,138,131.35
Anesthesiology,RJ,unknown,Ashaprofen408,3113.36,15,128,48,28.94
Psychiatry,BR,unknown,Neolax812,23260.82,21,571,155,152.58
Rheumatology,OD,unknown,Biodol396,3519.4,10,337,20,63.46
Anesthesiology,KA,unknown,Vitazym489,12049.72,12,483,192,105.39
Obstetrics/Gynecology,CG,unknown,Ashamox628,16820.9,14,748,90,125.01
Cardiology,OD,unknown,Arotril826,17223.31,10,549,151,120.07
Psychiatry,WB,unknown,Biostat374,4729.43,11,938,164,108.69
Pediatrics,CG,unknown,Medivex682,21526.03,11,886,119,135.49
Pulmonology,KA,unknown,Apexstat23,5463.78,14,128,41,56.85
Pulmonology,MN,unknown,Swasthcillin239,2094.57,7,110,16,47.83
Dermatology,HP,unknown,Neoprofen369,14425.6,9,492,66,116.0
Dermatology,AP,unknown,Arovex70,7765.92,8,467,196,87.23
Psychiatry,AP,unknown,Zenvir446,18837.09,15,311,109,113.33
Cardiology,MH,unknown,Healstat20,2598.87,9,234,116,31.09
Nephrology,HR,unknown,Apextril105,415.84,6,604,31,20.27
Ophthalmology,MH,unknown,Neozym255,27186.14,8,835,191,171.9
Urology,MN,unknown,Apexvex997,4437.42,13,406,53,55.45
Orthopedics,AS,unknown,Curevex563,5988.23,7,430,105,56.32
Urology,TN,unknown,Lifetril182,15679.28,15,562,190,109.03
ENT,BR,unknown,Apexstat23,961.58,14,317,61,41.77
Dermatology,OD,unknown,Aromox645,38428.16,9,691,199,188.45
Neurology,HP,unknown,Vitaprofen856,7256.49,6,597,102,65.39
General,TN,unknown,Lifezym242,23871.81,7,854,133,145.44
Oncology,OD,unknown,Carestat529,5739.5,14,559,133,76.38
Urology,JH,unknown,Medivex292,13933.7,9,901,75,118.05
Radiology,BR,unknown,Apexcin306,15085.37,16,284,124,109.26
Neurology,PB,unknown,Bioprofen599,5066.74,12,596,97,67.44
Dermatology,JH,unknown,Apexfer761,26125.85,11,696,172,167.98
Dermatology,GJ,unknown,Curecin659,1053.21,8,282,18,16.75
Ophthalmology,HR,unknown,Vitalax491,10723.1,14,649,105,97.91
Radiology,OD,unknown,Neolax158,3819.5,10,732,81,67.75
Urology,UK,unknown,Curetril365,24149.58,16,609,135,155.64
Endocrinology,UK,unknown,Carelax6,12480.92,15,943,165,131.76
Dermatology,JH,unknown,Sanitril186,11763.19,6,696,98,98.77
Pulmonology,BR,unknown,Apexprofen369,20126.01,11,282,99,134.6
Psychiatry,KL,unknown,Zencillin529,6614.88,17,1031,64,88.44
Rheumatology,HP,unknown,Sanivirin963,8511.07,13,737,122,81.48
Gastroenterology,UP,unknown,Apexvex937,4717.34,13,46,46,43.34
Endocrinology,OD,unknown,Zentril800,4328.68,11,770,189,84.27
Nephrology,PB,unknown,Curedol685,25691.72,8,1069,172,164.09
Radiology,OD,unknown,Apexprofen6,8087.84,4,330,155,107.2
Pulmonology,JH,unknown,Swasthcin793,11193.05,14,1227,69,124.67
Pulmonology,BR,unknown,Healvirin988,2005.32,17,91,13,49.88
Nephrology,RJ,unknown,Wellvex823,2535.74,11,803,125,46.11
Urology,KA,unknown,Swasthvirin29,1924.4,12,866,180,41.73
Psychiatry,AP,unknown,Healzide566,13903.16,12,658,141,122.41
Gastroenterology,AS,unknown,Neozide754,9793.75,11,690,186,97.05
Psychiatry,KL,unknown,Mediprofen799,12023.63,14,699,121,127.2
Gastroenterology,BR,unknown,Vitamox197,18494.18,7,1226,101,157.66
General,PB,unknown,Vitatril675,12948.63,10,668,118,113.77
Orthopedics,TR,unknown,Mediprofen806,9845.0,14,441,178,104.64
ENT,MH,unknown,Neozym303,1378.42,9,538,18,64.12
Obstetrics/Gynecology,KL,unknown,Apexfer332,13156.01,8,185,99,122.27
Neurology,MP,unknown,Vitacillin581,15495.49,11,747,75,133.09
Endocrinology,TN,unknown,Ashamox457,25778.31,13,513,132,164.12
ENT,DL,unknown,Wellvirin56,23044.88,11,506,198,140.93
Gastroenterology,CG,unknown,Sanifer340,33929.97,12,693,185,173.78
Gastroenterology,CH,unknown,Zentril800,989.68,11,554,8,27.42
Obstetrics/Gynecology,KL,unknown,Curezym695,9469.41,13,1150,42,122.27
Pulmonology,CG,unknown,Ashavex212,2116.62,15,173,25,37.4
Dermatology,MH,unknown,Ashavirin397,837.74,6,424,13,14.29
Oncology,PB,unknown,Carelax908,7650.98,9,871,71,97.43
ENT,AP,unknown,Ashastat866,3505.31,10,337,73,49.08
Pulmonology,TR,unknown,Vitalax491,542.23,14,504,6,10.26
Pulmonology,JH,unknown,Curedol685,4756.04,8,475,123,61.31
Neurology,AP,unknown,Curecillin536,31759.98,8,950,187,173.85
Pediatrics,BR,unknown,Vitazym494,7390.59,11,358,52,63.99
Psychiatry,CG,unknown,Neofer657,1547.1,8,820,15,41.15
Obstetrics/Gynecology,DL,unknown,Curefer890,12047.02,9,1152,160,131.95
Pediatrics,MH,unknown,Curelax111,34247.02,12,866,180,172.21
ENT,AS,unknown,Sanivirin991,13148.29,9,635,84,111.67
Nephrology,TN,unknown,Carevir104,11960.32,11,386,153,94.27
Urology,BR,unknown,Ashastat866,11122.46,10,553,178,105.79
Nephrology,RJ,unknown,Welltril920,6177.41,14,803,30,93.84
Psychiatry,MN,unknown,Ashaprofen172,11399.27,11,203,74,85.87
Nephrology,TR,unknown,Biovex980,1486.58,12,405,21,53.34
Anesthesiology,RJ,unknown,Ashamox606,4771.72,10,786,151,92.93
Urology,KL,unknown,Sanistat945,24637.61,9,417,146,166.44
Pulmonology,JH,unknown,Sanifer841,1060.84,11,475,39,9.42
Pediatrics,HR,unknown,Vitatril45,4913.98,10,1456,164,100.91
Rheumatology,OD,unknown,Vitazide172,606.86,15,337,16,17.0
Pediatrics,HR,unknown,Vitazide172,5155.12,15,758,34,86.1
Gastroenterology,MH,unknown,Apexvex958,2196.05,16,531,71,76.96
Endocrinology,GJ,unknown,Ashaprofen638,20743.58,14,1050,124,136.4
Gastroenterology,WB,unknown,Swasthstat517,7790.31,9,131,55,64.47
Oncology,BR,unknown,Medicillin551,2656.27,10,868,12,42.1
Nephrology,MH,unknown,Zenvirin433,10966.0,19,459,197,106.22
General,HR,unknown,Carezide624,1257.19,12,675,7,32.02
Pediatrics,CG,unknown,Meditril562,1517.15,10,886,17,46.69
Radiology,RJ,unknown,Vitalax306,1997.33,14,120,11,52.21
Cardiology,MN,unknown,Swasthvir71,2138.04,8,599,52,45.62
ENT,MH,unknown,Carelax262,3096.82,11,538,74,75.52
Radiology,GJ,unknown,Medivex659,5980.67,7,778,56,92.33
Anesthesiology,TN,unknown,Lifezide398,6711.74,11,195,52,79.89
Orthopedics,CH,unknown,Medivirin149,29108.54,11,857,184,174.42
Pediatrics,UK,unknown,Carevir104,8707.89,11,496,157,101.3
Neurology,WB,unknown,Sanicillin468,427.83,14,317,2,10.86
Gastroenterology,BR,unknown,Healvirin466,25841.5,14,1226,118,174.9
Pulmonology,HP,unknown,Medizide629,23954.0,14,295,157,140.46
Dermatology,WB,unknown,Apexzide221,942.87,11,342,10,26.48
Urology,JH,unknown,Ashastat332,14985.71,11,901,99,109.52
Oncology,UK,unknown,Curevir803,3153.89,13,648,157,57.01
Orthopedics,MN,unknown,Welltril1,15625.61,11,345,114,120.19
Endocrinology,KA,unknown,Medicillin460,8571.53,11,621,127,88.98
Rheumatology,UP,unknown,Curecillin274,35713.51,14,573,199,177.84
Pediatrics,MH,unknown,Medicin6,6109.31,13,711,153,64.43
General,KA,unknown,Biovir544,27814.4,12,459,156,156.23
Psychiatry,CH,unknown,Vitazide698,800.71,5,409,25,14.04
Dermatology,GJ,unknown,Apexstat23,3086.42,14,766,23,66.82
General,KA,unknown,Ashazide244,21039.72,10,362,151,131.49
Radiology,KL,unknown,Welllax136,10020.67,10,593,149,107.72
ENT,MN,unknown,Zenvirin547,2118.18,9,353,10,53.33
Oncology,UP,unknown,Ashazym762,23092.69,8,822,163,163.46
Neurology,MP,unknown,Wellvir735,14523.21,10,747,98,116.91
Nephrology,HR,unknown,Ashavex496,4888.71,9,647,88,79.46
Psychiatry,MN,unknown,Wellzym636,962.06,11,368,30,17.42
Endocrinology,HP,unknown,Vitazym494,3656.46,11,671,16,58.92
Pulmonology,AS,unknown,Neolax953,14447.7,9,614,114,112.06
Oncology,MN,unknown,Apexvex958,4278.72,16,728,42,54.38
Rheumatology,UP,unknown,Apexcillin857,7886.58,17,265,142,70.17
Nephrology,UK,unknown,Mediprofen806,11668.33,14,708,96,111.57
Anesthesiology,RJ,unknown,Apexmox913,19936.3,10,680,142,136.08
Radiology,CH,unknown,Medidol872,13645.88,13,755,71,92.19
Oncology,TN,unknown,Sanifer841,11951.11,11,606,162,96.97
Gastroenterology,HR,unknown,Sanistat437,6954.44,6,499,108,65.58
Nephrology,UK,unknown,Neovex649,19537.58,9,440,179,129.48
Anesthesiology,PB,unknown,Healvir166,9390.09,11,777,149,79.96
Oncology,AP,unknown,Mediprofen276,7132.04,18,383,51,67.33
Oncology,KA,unknown,Caredol261,29647.61,5,537,190,156.79
Orthopedics,CH,unknown,Ashazym635,5639.28,10,416,53,63.13
Urology,RJ,unknown,Healcin727,9202.53,9,874,86,110.61
Radiology,WB,unknown,Ashavirin771,3396.25,11,1034,101,84.72
Pulmonology,WB,unknown,Healstat20,3075.86,9,484,187,72.76
Neurology,UK,unknown,Sanidol745,5459.26,14,410,32,66.93
Cardiology,OD,unknown,Biozide74,27269.95,11,1418,165,178.96
Orthopedics,CH,unknown,Apexstat532,14096.9,11,1132,90,123.64
Oncology,OD,unknown,Healstat20,43057.06,9,898,190,191.15
Ophthalmology,RJ,unknown,Medicillin326,43465.49,11,980,197,189.9
Dermatology,TN,unknown,Vitavirin494,7221.96,15,702,86,87.94
Ophthalmology,MN,unknown,Zenvirin82,9314.25,11,673,103,79.52
Cardiology,OD,unknown,Biovir544,13514.77,12,1079,152,129.42
Dermatology,GJ,unknown,Biovex629,3919.22,8,766,21,62.32
Psychiatry,KL,unknown,Apexlax435,7637.08,12,972,46,103.9
General,AS,unknown,Lifetril182,2519.34,15,378,138,48.52
ENT,BR,unknown,Zentril800,3042.3,11,223,76,36.3
Ophthalmology,GJ,unknown,Ashazide244,23827.06,10,130,130,131.54
Anesthesiology,MH,unknown,Aromox645,7605.45,9,288,113,88.48
Nephrology,HR,unknown,Biovex980,9206.5,12,539,185,92.79
Nephrology,UK,unknown,Apexfer761,14216.79,11,445,180,103.32
Dermatology,PB,unknown,Vitalax491,1474.64,14,253,42,41.73
Obstetrics/Gynecology,TR,unknown,Biolax321,8379.05,8,283,63,100.26
Endocrinology,RJ,unknown,Ashavirin777,11055.22,12,254,78,78.8
Nephrology,PB,unknown,Biovex473,2469.61,12,192,56,32.23
Rheumatology,HP,unknown,Welllax405,10162.04,12,737,79,86.03
Dermatology,DL,unknown,Vitalax472,30521.3,11,611,198,167.56
Radiology,CG,unknown,Zenvirin86,15931.76,11,392,86,125.16
Urology,BR,unknown,Medivirin288,9696.4,14,852,60,113.57
General,RJ,unknown,Arovir972,24298.91,15,354,145,150.48
Nephrology,HR,unknown,Carevir496,4244.7,8,647,110,57.99
Pulmonology,MH,unknown,Apexvir49,3776.08,12,969,21,71.58
Nephrology,TR,unknown,Neocin844,26237.49,9,405,173,177.18
Oncology,PB,unknown,Curezym614,13084.41,13,554,146,120.83
Gastroenterology,CG,unknown,Swasthvirin234,2636.02,8,206,95,32.74
Psychiatry,WB,unknown,Carecillin874,21538.01,13,277,169,144.57
Pediatrics,MH,unknown,Arotril94,1559.79,12,866,34,31.01
General,BR,unknown,Wellstat301,29741.15,6,454,155,166.42
Pulmonology,WB,unknown,Swasthvir250,1508.96,8,484,23,36.85
Orthopedics,CH,unknown,Curezym695,25342.1,13,857,165,158.61
Radiology,TR,unknown,Swasthvirin29,3307.43,12,419,29,83.84
Anesthesiology,HP,unknown,Neomox429,442.62,11,607,28,13.48
Rheumatology,MP,unknown,Carevirin703,23216.72,8,271,138,140.51
Orthopedics,HP,unknown,Neocillin458,27957.12,9,290,134,164.67
Psychiatry,MP,unknown,Ashavex771,1725.98,15,905,70,51.35
General,TN,unknown,Sanizide413,38064.33,13,854,183,190.85
Neurology,AP,unknown,Healvex100,17844.47,5,434,91,132.98
Neurology,UP,unknown,Apextril458,9054.41,5,606,47,85.52
Radiology,GJ,unknown,Carelax104,1306.88,4,688,9,28.18
Orthopedics,CH,unknown,Sanizide153,1416.35,13,15,15,59.27
Urology,PB,unknown,Healvirin261,20318.86,13,652,133,140.86
Dermatology,CH,unknown,Apexdol811,22512.63,8,457,150,152.49
Neurology,CG,unknown,Vitazide698,4013.82,5,526,71,74.78
General,UP,unknown,Healstat994,9035.76,12,633,194,86.72
Urology,AP,unknown,Zencin10,22489.19,14,652,175,146.93
Psychiatry,KL,unknown,Apexcillin761,36143.9,12,377,184,182.43
Obstetrics/Gynecology,BR,unknown,Neocin763,1979.36,8,274,95,48.5
Nephrology,JH,unknown,Sanizide153,27363.82,13,1133,167,181.46
Gastroenterology,RJ,unknown,Ashazide95,12668.85,9,816,191,104.01
General,WB,unknown,Ashatril184,1007.53,17,266,26,24.64
ENT,MN,unknown,Sanifer841,17923.5,11,479,93,126.75
Neurology,CG,unknown,Sanimox516,17927.8,3,597,146,144.9
Obstetrics/Gynecology,MP,unknown,Curevir151,6954.35,5,705,87,76.51
Psychiatry,AS,unknown,Swasthvir415,16303.77,11,827,139,128.91
Dermatology,CH,unknown,Curevex383,13291.28,8,679,152,106.86
Dermatology,BR,unknown,Medilax236,15969.99,10,437,95,137.19
Psychiatry,DL,unknown,Biocin592,1146.85,7,427,9,26.94
Radiology,GJ,unknown,Zenvirin86,1437.75,11,488,77,38.67
Orthopedics,BR,unknown,Carelax388,12256.33,13,291,88,110.58
Nephrology,MN,unknown,Apexcillin761,18996.44,12,979,100,129.92
Nephrology,WB,unknown,Curelax111,1480.02,12,610,91,46.52
Psychiatry,AP,unknown,Vitavex800,14896.44,10,1022,192,137.1
Radiology,GJ,unknown,Medivex292,11297.97,9,488,163,116.55
Urology,AS,unknown,Arotril943,17945.77,9,1112,174,131.23
Pulmonology,GJ,unknown,Arolax37,2633.19,7,445,111,49.36
Dermatology,GJ,unknown,Zenvir276,16402.12,9,766,166,145.62
Neurology,UK,unknown,Ashaprofen172,7355.34,11,631,104,88.17
ENT,UP,unknown,Carelax6,3433.16,15,720,75,66.55
Nephrology,GJ,unknown,Ashacin705,13489.77,12,602,94,129.72
Radiology,WB,unknown,Medicillin551,32624.43,10,1034,175,174.35
Obstetrics/Gynecology,RJ,unknown,Swasthfer605,35178.67,6,691,190,183.08
Dermatology,KL,unknown,Biovex293,19950.82,8,361,128,138.19
Dermatology,BR,unknown,Arocin635,9188.24,12,586,142,104.85
Pulmonology,MN,unknown,Vitafer673,22270.2,16,484,124,147.35
Neurology,KA,unknown,Ashazide859,3618.09,12,757,46,53.58
Endocrinology,MN,unknown,Ashafer238,33261.23,10,658,148,177.24
Urology,JH,unknown,Zenvirin433,7087.27,19,901,88,74.76
Pediatrics,WB,unknown,Curevex110,7559.53,11,333,122,117.15
Orthopedics,JH,unknown,Vitalax491,2726.22,14,312,91,42.8
Oncology,BR,unknown,Welltril714,2818.44,10,868,47,66.67
General,KA,unknown,Aroprofen694,6454.07,8,242,67,80.2
ENT,MN,unknown,Neovex123,6307.67,9,928,169,108.68
ENT,OD,unknown,Zenvex842,5562.48,9,390,138,69.88
Psychiatry,AP,unknown,Neodol927,6573.86,10,282,32,79.96
Ophthalmology,CH,unknown,Curelax332,15487.49,9,731,114,129.27
Endocrinology,HP,unknown,Swasthprofen900,18437.66,12,374,123,138.23
Radiology,WB,unknown,Sanilax793,29525.32,8,1034,177,169.73
Gastroenterology,TR,unknown,Vitastat769,14065.21,9,1303,126,114.56
Obstetrics/Gynecology,DL,unknown,Ashazide614,7448.13,10,166,42,72.96
Urology,RJ,unknown,Medifer168,6640.47,8,975,138,125.65
Pulmonology,PB,unknown,Healzym348,21600.59,7,1131,138,147.23
Anesthesiology,UK,unknown,Medivex659,6357.87,7,599,186,92.12
Radiology,CG,unknown,Neostat267,14172.58,9,737,198,105.16
General,HP,unknown,Apexzym196,11054.51,11,505,164,89.22
Pulmonology,BR,unknown,Arofer835,24613.29,12,778,199,163.03
ENT,MP,unknown,Neocillin458,6571.75,9,225,80,68.12
Neurology,HP,unknown,Vitacillin581,12972.98,11,245,80,106.4
Cardiology,OD,unknown,Ashavex212,9945.84,15,549,53,102.87
Ophthalmology,MN,unknown,Curevex229,12933.3,6,631,111,104.64
ENT,KA,unknown,Swasthvex419,7119.83,7,667,68,94.21
Urology,HR,unknown,Sanivirin963,16923.75,13,601,116,129.14
Cardiology,OD,unknown,Zenvex833,28184.99,11,1108,156,178.4
Oncology,BR,unknown,Vitavirin494,18538.33,15,573,88,146.22
Psychiatry,AP,unknown,Neostat267,13052.52,9,602,192,118.09
Psychiatry,KL,unknown,Zencillin529,11768.16,17,699,99,115.31
Rheumatology,UK,unknown,Neofer82,820.37,9,427,58,17.13
Radiology,AS,unknown,Ashatril184,5003.41,17,746,99,72.54
Radiology,PB,unknown,Neotril745,21546.32,15,865,199,144.1
Cardiology,CH,unknown,Carezide624,7556.36,12,422,80,71.28
Pulmonology,MH,unknown,Carestat529,19319.97,14,969,157,146.36
Urology,RJ,unknown,Lifeprofen876,4449.17,11,874,32,83.19
Radiology,WB,unknown,Curedol685,39340.8,8,1051,181,187.82
Anesthesiology,TN,unknown,Vitazym788,15050.99,11,585,78,102.71
Pediatrics,MH,unknown,Vitavex800,15781.28,10,991,190,142.99
Rheumatology,PB,unknown,Swasthcin899,9233.75,7,360,106,90.71
Pediatrics,HR,unknown,Ashavex212,261.88,15,1052,4,6.33
Anesthesiology,JH,unknown,Carelax502,3750.69,16,269,127,82.8
Urology,PB,unknown,Ashafer324,14145.05,12,271,75,95.41
Dermatology,AS,unknown,Biomox639,8912.74,8,288,104,95.41
Nephrology,WB,unknown,Ashavex484,2954.74,5,610,16,70.55
Orthopedics,CH,unknown,Lifemox165,4729.51,8,422,65,46.78
Gastroenterology,HR,unknown,Meditril764,29042.58,15,816,151,169.41
Radiology,MN,unknown,Apexvirin454,11329.87,9,597,142,110.17
Ophthalmology,MH,unknown,Swasthdol436,13838.16,11,442,81,102.09
Pediatrics,MN,unknown,Sanitril186,5060.11,6,456,72,53.01
Endocrinology,AP,unknown,Ashafer290,1261.87,10,595,9,40.79
Gastroenterology,CG,unknown,Carezym368,12963.56,16,553,181,115.58
Gastroenterology,HP,unknown,Vitavex800,2444.18,10,842,152,70.32
Nephrology,UK,unknown,Arotril94,20271.18,12,159,147,124.67
Psychiatry,BR,unknown,Lifecillin235,25472.75,13,1016,170,170.91
Nephrology,AP,unknown,Swasthzide788,4846.4,9,444,56,58.89
General,MH,unknown,Curevex563,12252.16,7,453,158,109.04
Obstetrics/Gynecology,AS,unknown,Swasthlax920,14775.71,17,253,172,109.31
Cardiology,WB,unknown,Wellvex571,12557.67,8,706,99,145.09
Endocrinology,PB,unknown,Apexzide23,1673.24,6,722,46,28.1
Cardiology,KL,unknown,Ashazide244,7672.64,10,341,181,77.66
Gastroenterology,HP,unknown,Curevir151,5533.96,5,515,75,70.19
Nephrology,HR,unknown,Neodol785,1429.26,12,604,68,42.12
Dermatology,UK,unknown,Wellcin885,1016.59,15,680,29,16.32
Endocrinology,HP,unknown,Bioprofen95,2423.29,10,926,13,59.86
Ophthalmology,UK,unknown,Healprofen82,2677.8,8,451,78,38.43
Pediatrics,BR,unknown,Apexfer843,12043.78,11,358,183,92.56
Nephrology,KA,unknown,Zenstat432,12943.21,9,421,98,115.3
Ophthalmology,HR,unknown,Neolax953,1855.82,9,367,133,40.17
Psychiatry,JH,unknown,Neodol927,12168.42,10,951,152,115.71
Psychiatry,JH,unknown,Sanidol745,18602.26,14,689,112,142.28
Ophthalmology,CG,unknown,Neofer657,467.33,8,95,18,9.33
Ophthalmology,MP,unknown,Neofer71,38497.23,14,481,185,188.81
Anesthesiology,UP,unknown,Ashamox987,23820.9,13,630,149,150.76
General,AS,unknown,Neomox211,1310.37,10,378,16,34.76
Psychiatry,WB,unknown,Sanicillin468,933.75,14,497,31,22.84
Pulmonology,MN,unknown,Carelax6,1668.59,15,110,24,40.94
Cardiology,AP,unknown,Arolax37,7867.81,7,713,52,78.03
Gastroenterology,WB,unknown,Swasthprofen900,282.93,12,530,2,8.27
Radiology,CG,unknown,Sanistat774,875.65,9,508,10,16.62
Obstetrics/Gynecology,TR,unknown,Swasthdol791,608.87,13,283,20,14.62
General,MP,unknown,Medizide674,17758.84,6,547,110,140.27
General,PB,unknown,Vitalax491,1621.16,14,668,104,45.21
Anesthesiology,TN,unknown,Careprofen462,4484.2,13,455,37,71.77
Pulmonology,UP,unknown,Medivex682,26458.69,11,510,155,158.73
Obstetrics/Gynecology,DL,unknown,Arofer835,1884.09,12,1152,44,51.35
Obstetrics/Gynecology,DL,unknown,Neovex307,2419.19,15,345,21,58.94
Psychiatry,JH,unknown,Ashavex212,10712.88,15,689,157,102.62
Endocrinology,KA,unknown,Swasthvirin568,6654.37,11,621,108,85.62
Endocrinology,CG,unknown,Heallax722,11239.44,8,460,117,97.18
Anesthesiology,KA,unknown,Swasthzide551,788.84,11,435,58,32.66
Psychiatry,WB,unknown,Ashaprofen408,8882.09,15,714,42,92.58
ENT,CG,unknown,Medizide452,5257.33,5,767,34,91.38
Neurology,PB,unknown,Zencin870,14003.64,9,596,89,101.7
Rheumatology,PB,unknown,Welldol776,20231.37,11,713,182,131.59
Psychiatry,AS,unknown,Arovex270,25025.5,6,525,168,167.0
Gastroenterology,RJ,unknown,Healcin565,990.26,13,816,31,17.73
Anesthesiology,UP,unknown,Healzym604,1886.9,11,34,34,33.4
Pulmonology,OD,unknown,Biovex293,2313.51,8,285,16,58.75
Pediatrics,HP,unknown,Neolax331,164.22,11,823,11,2.34
Radiology,UP,unknown,Meditril197,18635.79,7,329,87,137.89
Anesthesiology,KL,unknown,Meditril764,9899.22,15,574,85,99.05
Anesthesiology,BR,unknown,Biodol396,3165.78,10,532,108,57.97
Orthopedics,UK,unknown,Wellvirin56,10651.12,11,348,83,108.89
Nephrology,UP,unknown,Swasthlax920,4895.39,17,390,108,53.05
Neurology,KA,unknown,Careprofen462,15492.41,13,757,135,118.88
Psychiatry,KA,unknown,Medivex259,8943.44,10,946,94,114.21
Neurology,PB,unknown,Apexcin715,19364.36,10,559,195,138.21
Neurology,KL,unknown,Lifecillin621,4501.8,8,490,35,61.74
Radiology,DL,unknown,Vitafer340,385.58,19,401,18,5.53
Radiology,DL,unknown,Meditril676,11443.39,13,171,118,95.53
Urology,MP,unknown,Apexstat23,10025.61,14,583,63,115.13
Oncology,UP,unknown,Sanicin900,5192.14,11,460,36,51.41
Oncology,MP,unknown,Medimox662,17605.93,12,605,170,140.57
ENT,HP,unknown,Biolax228,11994.66,9,1100,103,95.53
Urology,UP,unknown,Healdol292,5442.78,16,686,29,77.84
Urology,UP,unknown,Curecillin274,9354.19,14,1200,102,123.3
Gastroenterology,OD,unknown,Carelax502,25340.26,16,242,181,145.97
Pediatrics,MN,unknown,Curevex229,27613.04,6,557,139,154.2
Oncology,BR,unknown,Apexstat23,9769.41,14,544,72,97.3
Nephrology,TR,unknown,Arovir972,1844.45,15,434,69,49.16
Nephrology,RJ,unknown,Arovex226,23926.33,9,274,107,134.02
Pulmonology,HP,unknown,Neofer71,3587.98,14,446,127,60.33
Cardiology,DL,unknown,Aromox189,13025.31,13,463,185,116.99
General,RJ,unknown,Sanistat391,4908.71,7,643,47,104.28
Radiology,AP,unknown,Biovir544,1317.03,12,694,7,31.04
Oncology,KL,unknown,Sanistat945,4563.21,9,482,28,76.15
Urology,UK,unknown,Apexcillin857,2648.73,17,609,75,41.29
Pulmonology,JH,unknown,Sanilax10,12964.25,16,561,171,122.55
Neurology,TR,unknown,Wellstat916,5965.78,9,408,82,78.62
Rheumatology,AS,unknown,Biomox294,10850.35,8,646,150,97.81
Gastroenterology,MP,unknown,Sanimox547,17133.48,8,503,171,126.55
Urology,UP,unknown,Wellzym92,5452.83,10,740,179,76.0
Pediatrics,UK,unknown,Swasthprofen711,714.59,8,476,62,20.8
Pulmonology,MH,unknown,Healcillin124,10014.15,15,969,134,121.76
Endocrinology,CG,unknown,Ashazide805,1364.78,8,460,49,50.48
Radiology,OD,unknown,Vitacillin351,1460.61,13,330,49,48.05
Ophthalmology,TN,unknown,Wellcin885,6611.49,15,517,175,69.95
Psychiatry,MP,unknown,Sanivir204,7555.05,10,512,165,92.11
Cardiology,OD,unknown,Medizide452,14303.75,5,1108,130,116.27
Rheumatology,PB,unknown,Aromox189,429.79,13,360,15,13.05
Oncology,CH,unknown,Bioprofen599,1675.01,12,182,42,54.17
Pulmonology,PB,unknown,Neofer958,29414.27,6,1131,160,177.08
Nephrology,PB,unknown,Neovex307,9089.12,15,702,42,81.8
Endocrinology,KL,unknown,Vitazide172,1684.82,15,247,15,50.35
Endocrinology,KL,unknown,Swasthlax665,15986.96,7,447,197,120.32
Dermatology,AP,unknown,Apexlax32,3693.08,7,467,47,43.83
ENT,BR,unknown,Zencillin705,20829.85,9,918,128,151.56
Pulmonology,JH,unknown,Zencillin672,29044.36,9,561,140,163.15
Oncology,MH,unknown,Arolax37,12243.43,7,696,86,106.18
Oncology,KL,unknown,Apexvex937,3851.94,13,482,118,67.14
Neurology,HR,unknown,Swasthdol290,17137.67,8,379,81,136.48
Cardiology,UK,unknown,Neomox211,21204.34,10,809,197,131.97
Obstetrics/Gynecology,UK,unknown,Healdol271,4089.05,8,83,71,49.99
Pediatrics,KA,unknown,Arovex226,356.05,9,716,2,12.39
Dermatology,BR,unknown,Swasthvirin29,11867.91,12,675,58,108.67
Rheumatology,HR,unknown,Neozym255,4452.48,8,171,104,64.86
Nephrology,RJ,unknown,Meditril764,16322.07,15,721,115,155.04
ENT,UP,unknown,Lifefer638,984.01,6,292,25,31.71
Psychiatry,MP,unknown,Zenvir446,2279.19,15,905,50,73.49
Gastroenterology,WB,unknown,Ashaprofen556,472.82,9,515,15,14.93
Pediatrics,MN,unknown,Neomox103,5336.91,14,178,140,53.7
Endocrinology,MH,unknown,Medicillin551,7467.39,10,414,169,67.21
Orthopedics,HP,unknown,Sanimox719,3304.97,11,540,147,56.95
Pulmonology,CG,unknown,Zencillin705,13813.06,9,451,66,119.42
Psychiatry,KL,unknown,Sanimox351,1493.93,7,602,48,37.33
Endocrinology,BR,unknown,Lifevex42,5512.1,6,792,65,116.17
Anesthesiology,DL,unknown,Curevir803,5687.21,13,391,32,63.39
Orthopedics,TN,unknown,Zenvirin86,7113.41,11,436,114,75.15
Pediatrics,AS,unknown,Curemox951,21237.82,13,628,177,147.14
ENT,CH,unknown,Ashafer324,851.36,12,1059,8,25.41
Ophthalmology,MN,unknown,Apexcin125,329.16,10,304,31,8.65
Anesthesiology,CH,unknown,Swasthvir71,23696.5,8,799,168,153.1
Orthopedics,AS,unknown,Neozide754,1801.42,11,186,43,39.94
Nephrology,PB,unknown,Wellstat850,3808.24,8,702,76,50.68
Oncology,UP,unknown,Ashaprofen408,15075.66,15,810,156,107.63
Urology,KL,unknown,Curezym840,8905.46,11,417,82,94.1
Ophthalmology,UP,unknown,Vitazide1,11258.41,8,394,78,80.37
Ophthalmology,MN,unknown,Zentril800,15310.94,11,298,127,97.36
Pulmonology,MN,unknown,Lifezym819,2038.56,9,110,50,45.49
Rheumatology,MP,unknown,Zenzide317,2245.14,12,271,133,60.4
Endocrinology,HP,unknown,Sanicillin705,8098.93,12,497,44,82.08
Oncology,HR,unknown,Vitazide589,803.67,6,740,5,17.93
Pediatrics,HR,unknown,Carevex431,2026.4,9,420,26,47.39
Rheumatology,TN,unknown,Ashavex126,6472.88,8,461,40,69.42
Psychiatry,KA,unknown,Ashavex212,4339.7,15,326,171,53.16
Pulmonology,TN,unknown,Vitatril675,40574.14,10,683,193,188.57
ENT,RJ,unknown,Biostat374,13996.64,11,578,80,108.73
General,JH,unknown,Caremox55,10711.88,15,888,100,103.0
Anesthesiology,AS,unknown,Careprofen462,29979.2,13,652,161,162.23
Dermatology,HP,unknown,Healcillin680,7637.5,11,183,56,71.3
Cardiology,WB,unknown,Mediprofen101,10060.2,11,310,174,104.92
Radiology,MH,unknown,Carezym368,18314.23,16,504,169,155.15
Pulmonology,JH,unknown,Vitastat363,5203.36,11,1038,189,110.43
Nephrology,PB,unknown,Sanicillin468,2326.72,14,702,61,45.45
General,KL,unknown,Ashavirin397,4459.73,6,519,29,81.88
Psychiatry,WB,unknown,Curezym695,16606.25,13,714,171,119.69
Radiology,AP,unknown,Arotril924,5040.72,9,444,49,67.0
Cardiology,OD,unknown,Swasthdol775,10555.87,5,1418,156,103.14
Endocrinology,MH,unknown,Mediprofen806,15238.21,14,526,158,105.53
General,BR,unknown,Neolax331,1662.73,11,1064,22,56.1
Ophthalmology,TR,unknown,Medizide674,783.98,6,631,7,26.26
Obstetrics/Gynecology,BR,unknown,Curelax68,1850.07,12,526,95,58.53
Pediatrics,HR,unknown,Saniprofen728,28101.12,17,1456,192,170.33
Pulmonology,HP,unknown,Vitaprofen889,23272.61,13,295,100,136.29
Oncology,JH,unknown,Saniprofen728,2215.06,17,163,65,36.08
Gastroenterology,MN,unknown,Neovex829,23236.05,17,499,152,144.09
Radiology,MH,unknown,Arovex70,18753.03,8,458,105,132.64
Ophthalmology,MP,unknown,Mediprofen276,1243.15,18,101,10,26.1
Pulmonology,BR,unknown,Zenvir446,1144.67,15,519,7,20.79
Psychiatry,CH,unknown,Arozym292,21364.64,11,409,101,147.1
Psychiatry,TR,unknown,Vitazym494,2420.96,11,396,11,91.5
Endocrinology,BR,unknown,Swasthfer298,2175.27,11,329,158,50.59
Pulmonology,OD,unknown,Apexvex303,1496.7,13,286,35,66.88
Ophthalmology,UP,unknown,Apexlax99,24975.21,10,394,131,151.05
Endocrinology,HP,unknown,Heallax258,8796.84,11,871,157,120.39
Orthopedics,OD,unknown,Ashafer238,2568.54,10,925,68,48.57
Nephrology,BR,unknown,Vitatril903,2264.03,11,228,73,36.82
Ophthalmology,GJ,unknown,Vitazym489,35036.43,12,714,174,188.11
Oncology,BR,unknown,Saniprofen728,1783.43,17,573,32,37.54
Dermatology,KA,unknown,Healprofen752,15321.81,10,759,116,139.71
Orthopedics,CH,unknown,Medivex75,18917.49,6,541,126,147.92
Oncology,TN,unknown,Bioprofen353,10687.22,6,606,78,97.1
Endocrinology,MN,unknown,Swasthprofen900,19502.99,12,568,158,132.62
Dermatology,CH,unknown,Lifefer599,15992.73,12,1255,113,129.45
Psychiatry,DL,unknown,Healvir166,18278.36,11,427,170,148.09
Dermatology,HP,unknown,Sanimox135,1619.0,11,239,11,37.36
Dermatology,KL,unknown,Sanicin62,3574.23,9,561,40,104.73
Radiology,MH,unknown,Wellvir824,36669.48,5,674,197,185.04
Dermatology,TN,unknown,Vitazym489,6471.81,12,890,191,92.48
Radiology,HP,unknown,Wellcin885,108.34,15,793,2,2.79
Gastroenterology,TR,unknown,Zenzide397,12949.18,12,1303,83,100.47
ENT,GJ,unknown,Swasthcin718,10681.8,6,409,95,91.65
Dermatology,KA,unknown,Biodol129,19855.24,9,749,146,135.27
Pulmonology,AS,unknown,Ashavirin771,13476.78,11,269,170,102.57
Urology,KA,unknown,Swasthvirin568,5834.77,11,863,36,96.56
Psychiatry,JH,unknown,Healstat572,6442.3,9,147,64,63.77
Gastroenterology,HP,unknown,Careprofen462,5329.63,13,493,195,74.79
Ophthalmology,HR,unknown,Vitatril457,610.63,9,367,13,21.19
ENT,JH,unknown,Carezide136,4634.49,11,553,87,75.16
Pediatrics,DL,unknown,Swasthvir159,28140.47,9,562,161,155.57
Ophthalmology,MP,unknown,Saniprofen728,36357.14,17,569,171,190.85
Gastroenterology,UK,unknown,Neolax812,988.57,21,575,27,23.86
Radiology,PB,unknown,Vitatril457,3608.49,9,865,141,60.48
Oncology,UP,unknown,Sanivir204,31117.53,10,822,154,177.19
Radiology,RJ,unknown,Curetril365,22328.16,16,665,148,141.0
Pulmonology,JH,unknown,Carezym564,1397.94,8,1227,21,70.33
Dermatology,BR,unknown,Biostat374,16210.88,11,586,111,140.32
Orthopedics,CH,unknown,Biovex473,23328.67,12,1132,196,144.7
Neurology,MP,unknown,Carestat529,3174.25,14,747,132,65.37
Urology,KL,unknown,Wellvirin889,2703.95,11,417,26,45.63
Ophthalmology,MP,unknown,Ashavex212,11332.78,15,101,81,98.36
Neurology,TR,unknown,Vitafer340,20118.61,19,771,123,132.79
General,MH,unknown,Apexfer843,11305.51,11,639,96,107.96
Ophthalmology,AS,unknown,Wellvex571,38.3,8,1079,3,1.2
Gastroenterology,TN,unknown,Neocillin545,4311.01,9,601,55,72.74
Urology,MN,unknown,Carevir375,5265.82,13,1078,45,90.35
Rheumatology,OD,unknown,Biovex473,24429.43,12,337,111,151.74
General,DL,unknown,Healstat20,9503.97,9,1261,117,132.45
Cardiology,TN,unknown,Medizide455,2982.59,15,543,27,59.72
Orthopedics,HR,unknown,Apexprofen837,1119.56,13,1072,79,38.71
Pulmonology,UK,unknown,Apexvirin454,161.17,9,129,7,2.18
Radiology,HP,unknown,Apexprofen837,21630.17,13,793,139,148.4
Neurology,AP,unknown,Vitazide589,8679.69,6,704,186,103.5
Orthopedics,HP,unknown,Arozide106,6966.64,12,540,63,101.44
Nephrology,TR,unknown,Heallax258,14803.7,11,405,71,117.99
ENT,MP,unknown,Ashazide805,3697.97,8,742,41,77.58
ENT,UP,unknown,Sanidol745,2136.25,14,333,17,48.53
Endocrinology,KL,unknown,Healvirin421,8159.93,15,247,71,78.04
Urology,UK,unknown,Curevir151,6187.24,5,776,105,72.87
Endocrinology,KA,unknown,Biovir827,852.39,11,621,81,34.19
Obstetrics/Gynecology,CG,unknown,Curevirin701,9302.17,7,468,59,114.28
Oncology,BR,unknown,Sanistat882,17334.87,9,868,171,141.24
Obstetrics/Gynecology,KA,unknown,Swasthvir159,12213.94,9,684,98,101.38
General,HR,unknown,Zencillin672,2137.13,9,419,151,122.21
Obstetrics/Gynecology,UK,unknown,Biostat374,1480.14,11,501,43,42.63
Pediatrics,WB,unknown,Biodol107,4614.85,10,280,61,51.14
General,DL,unknown,Neozide691,12552.12,14,1261,174,130.9
Cardiology,PB,unknown,Healcin685,1036.04,11,264,6,14.93
ENT,MP,unknown,Carezym649,15422.91,10,578,125,131.62
Neurology,PB,unknown,Medivex659,6294.9,7,559,171,72.31
Neurology,UK,unknown,Neoprofen369,3559.7,9,389,45,45.28
Gastroenterology,MN,unknown,Curevex229,15068.92,6,1042,83,130.05
Anesthesiology,MN,unknown,Zentril751,5248.55,15,485,85,80.91
Anesthesiology,TN,unknown,Neozide816,13170.48,11,455,123,109.99
Orthopedics,JH,unknown,Ashacin515,1199.52,11,442,23,26.5
Anesthesiology,RJ,unknown,Carecillin961,2761.86,18,128,15,38.79
ENT,BR,unknown,Vitacillin351,8565.75,13,258,68,77.87
Urology,MN,unknown,Swasthlax170,17477.73,12,221,91,108.78
Dermatology,MN,unknown,Zenvirin547,13302.53,9,229,183,104.56
Neurology,JH,unknown,Ashafer961,6458.92,12,338,45,71.13
Urology,CH,unknown,Vitacillin581,21769.63,11,591,108,153.52
Gastroenterology,WB,unknown,Biolax321,15280.3,8,515,70,110.24
General,UP,unknown,Vitavex800,1560.17,10,370,156,61.73
Pediatrics,MH,unknown,Ashamox628,9340.62,14,711,123,80.68
Pulmonology,JH,unknown,Healzide566,9234.1,12,1038,59,119.44
Dermatology,CH,unknown,Sanitril633,4131.72,15,283,36,63.61
Ophthalmology,TN,unknown,Ashazide859,16013.42,12,521,81,117.28
Radiology,CH,unknown,Ashamox127,626.97,10,1055,7,17.57
Urology,BR,unknown,Ashamox457,25861.05,13,259,128,160.6
Endocrinology,HP,unknown,Meditril676,15653.68,13,671,185,118.39
Pulmonology,MN,unknown,Healvir559,24155.43,10,484,195,160.52
Nephrology,JH,unknown,Carevex448,19490.61,15,584,134,135.04
Endocrinology,AP,unknown,Vitafer533,14444.71,15,595,142,106.48
Orthopedics,AS,unknown,Carecillin961,10006.42,18,430,47,100.5
Cardiology,TN,unknown,Neodol785,733.55,12,545,22,24.62
Orthopedics,UP,unknown,Curecin691,17989.05,13,344,111,133.52
Psychiatry,AS,unknown,Vitazym137,7634.1,17,311,128,68.18
Neurology,UP,unknown,Arocin635,18366.36,12,419,103,157.11
Endocrinology,GJ,unknown,Ashavirin777,20631.55,12,1050,195,134.11
Obstetrics/Gynecology,HP,unknown,Lifezym242,32235.15,7,717,194,171.63
Dermatology,PB,unknown,Biovir544,2516.06,12,253,102,38.02
Obstetrics/Gynecology,DL,unknown,Arotril943,4701.16,9,345,67,42.99
Obstetrics/Gynecology,HR,unknown,Neocillin458,3637.7,9,287,29,60.47
Anesthesiology,MP,unknown,Neodol927,8349.46,10,708,57,80.96
Orthopedics,OD,unknown,Neocillin820,31192.88,11,925,194,180.71
Dermatology,TN,unknown,Heallax1,5711.26,7,890,46,113.51
Obstetrics/Gynecology,DL,unknown,Careprofen462,4964.2,13,266,78,54.5
Dermatology,DL,unknown,Zentril751,27467.3,15,414,127,147.31
Oncology,OD,unknown,Aromox645,7919.99,9,921,42,95.48
Neurology,UK,unknown,Biodol107,5738.03,10,631,43,101.61
Neurology,UP,unknown,Swasthmox590,7313.74,9,606,62,67.53
ENT,CG,unknown,Curevex229,10301.88,6,767,135,82.23
Radiology,CG,unknown,Sanizide444,11629.44,11,737,191,94.68
Neurology,BR,unknown,Apexzym196,23249.92,11,1225,158,139.34
Nephrology,UP,unknown,Zenvirin82,28003.43,11,392,155,159.12
Ophthalmology,CG,unknown,Cureprofen611,2357.81,15,95,77,37.3
Pediatrics,AP,unknown,Swasthcillin797,11040.55,9,555,99,111.6
Endocrinology,UP,unknown,Biovex980,21414.62,12,930,169,130.89
Endocrinology,UP,unknown,Swasthvirin29,4089.47,12,299,31,59.44
Neurology,PB,unknown,Sanicillin705,757.97,12,559,26,13.83
Orthopedics,CH,unknown,Carevir940,33576.04,15,1132,161,182.51
Pediatrics,MN,unknown,Aromox297,345.51,15,557,15,8.64
ENT,PB,unknown,Aroprofen376,10101.08,8,804,63,96.56
Dermatology,GJ,unknown,Swasthstat517,15267.67,9,282,126,107.63
Gastroenterology,CG,unknown,Apexmox656,24902.95,6,265,114,159.69
Nephrology,CG,unknown,Carecillin430,13597.25,8,346,99,105.45
General,PB,unknown,Swasthvirin568,23301.28,11,875,129,138.57
Obstetrics/Gynecology,BR,unknown,Wellstat987,19651.07,7,438,169,142.29
Dermatology,HP,unknown,Carezide136,1394.17,11,520,10,54.13
Dermatology,CH,unknown,Sanidol745,6134.19,14,1007,167,113.68
Nephrology,HR,unknown,Neodol927,401.26,10,539,26,18.33
Endocrinology,HP,unknown,Ashacin705,9880.56,12,926,54,98.46
Rheumatology,PB,unknown,Medizide629,21366.7,14,713,179,134.0
Endocrinology,KL,unknown,Lifelax407,23180.91,12,447,175,152.65
Radiology,UP,unknown,Vitazym137,2004.87,17,587,49,61.34
ENT,MH,unknown,Ashavex771,7428.3,15,130,72,49.45
Endocrinology,MN,unknown,Apexvex303,3494.05,13,658,33,86.76
Endocrinology,HP,unknown,Vitavirin494,3072.13,15,871,16,74.58
Orthopedics,OD,unknown,Wellvir824,23651.63,5,925,128,154.42
General,UP,unknown,Carestat16,6315.62,10,633,46,86.92
Pulmonology,AP,unknown,Carevir375,36162.82,13,838,185,188.21
Oncology,GJ,unknown,Mediprofen806,16024.77,14,549,92,123.44
Radiology,RJ,unknown,Ashadol298,10482.29,13,665,166,94.88
Nephrology,RJ,unknown,Apexzym196,3848.2,11,721,29,62.24
Obstetrics/Gynecology,KA,unknown,Carelax6,924.19,15,558,15,20.82
Ophthalmology,AP,unknown,Curemox951,372.85,13,164,4,7.99
General,PB,unknown,Biovex293,3877.53,8,668,76,55.35
Pulmonology,TN,unknown,Biomox375,19617.59,11,863,132,134.78
Orthopedics,AS,unknown,Neofer496,12299.44,10,430,193,125.46
Obstetrics/Gynecology,KL,unknown,Apexvirin454,1769.26,9,309,13,57.1
Urology,RJ,unknown,Ashavex771,18217.05,15,890,164,154.6
ENT,RJ,unknown,Arodol136,12867.99,5,1017,73,113.13
Ophthalmology,TR,unknown,Ashavex126,1959.73,8,525,82,52.14
Radiology,KL,unknown,Aroprofen694,15297.24,8,788,192,110.58
Nephrology,BR,unknown,Vitastat680,15177.89,5,605,100,108.14
Endocrinology,OD,unknown,Zenvirin646,14946.21,8,770,188,111.95
Pediatrics,HR,unknown,Lifezym819,11245.59,9,1456,107,117.52
ENT,MH,unknown,Healdol292,399.27,16,538,2,13.86
Gastroenterology,UK,unknown,Swasthfer298,12547.64,11,575,107,118.32
General,TR,unknown,Apexlax32,17599.11,7,875,171,143.65
Endocrinology,AP,unknown,Mediprofen806,18733.26,14,654,152,115.56
Neurology,CG,unknown,Ashaprofen408,3131.24,15,643,93,59.27
Obstetrics/Gynecology,AP,unknown,Sanimox719,126.39,11,370,2,2.96
Gastroenterology,HR,unknown,Aromox189,11126.12,13,816,196,100.8
Endocrinology,MH,unknown,Neocillin395,25702.66,3,414,121,157.07
Nephrology,UK,unknown,Carelax502,16116.59,16,124,96,110.61
Obstetrics/Gynecology,KA,unknown,Caremox55,5756.72,15,531,45,106.96
Obstetrics/Gynecology,BR,unknown,Curefer890,3057.12,9,630,33,49.59
Endocrinology,RJ,unknown,Aroprofen376,25213.78,8,550,145,158.84
Oncology,MH,unknown,Ashaprofen172,21155.12,11,782,106,145.17
Nephrology,RJ,unknown,Arozym983,11408.27,11,721,141,119.27
Neurology,OD,unknown,Ashamox457,4068.94,13,201,23,65.9
Psychiatry,JH,unknown,Neozide691,4869.7,14,689,39,80.14
Gastroenterology,AS,unknown,Sanicin833,1598.14,8,690,11,46.18
Orthopedics,GJ,unknown,Curefer387,18288.97,11,747,100,150.77
Nephrology,HR,unknown,Vitafer960,26920.56,11,539,137,157.69
Pediatrics,HR,unknown,Ashavex212,16267.39,15,613,104,125.78
Urology,UP,unknown,Vitafer673,19780.52,16,1200,143,138.39
Urology,PB,unknown,Swasthstat517,5122.04,9,652,31,58.06
Gastroenterology,KL,unknown,Biofer988,25262.38,8,1087,186,167.13
Orthopedics,GJ,unknown,Neozym303,18512.09,9,747,140,143.52
Rheumatology,RJ,unknown,Medivex8,11373.35,9,733,105,101.5
Obstetrics/Gynecology,CG,unknown,Medivex682,1012.82,11,415,81,16.97
Psychiatry,MN,unknown,Neovex882,6434.17,14,330,40,72.3
Pulmonology,PB,unknown,Welldol776,20011.81,11,501,154,139.94
Gastroenterology,KL,unknown,Sanitril633,11194.67,15,1087,133,111.34
Nephrology,CG,unknown,Ashafer324,8277.9,12,379,121,85.47
Neurology,KA,unknown,Arovex226,400.82,9,206,34,13.98
Pediatrics,HR,unknown,Healfer248,4390.36,11,1456,43,90.95
ENT,CG,unknown,Sanitril450,32421.01,9,317,190,176.08
Psychiatry,MN,unknown,Wellvirin488,24017.55,11,962,175,155.13
Anesthesiology,PB,unknown,Zenvex833,31998.91,11,876,155,173.97
Anesthesiology,UK,unknown,Medivirin588,26563.63,6,551,187,173.83
Gastroenterology,HP,unknown,Healstat994,19143.12,12,515,117,144.01
Gastroenterology,AP,unknown,Curemox951,6403.47,13,720,193,77.4
Anesthesiology,BR,unknown,Ashamox426,2402.51,10,532,77,53.11
Orthopedics,MH,unknown,Lifefer681,21690.04,15,664,195,143.2
Dermatology,HP,unknown,Biovex77,31806.65,9,510,162,175.62
Dermatology,UK,unknown,Sanitril450,9116.87,9,651,199,124.56
Pulmonology,MH,unknown,Neofer496,15573.1,10,969,126,131.86
Nephrology,JH,unknown,Healcin565,12575.83,13,1133,72,116.98
Pediatrics,KA,unknown,Biofer988,20504.78,8,749,163,161.21
Pediatrics,HP,unknown,Lifemox417,13645.51,15,823,179,118.43
Pediatrics,KL,unknown,Neofer71,32500.47,14,427,186,177.3
Endocrinology,AP,unknown,Lifefer681,643.94,15,595,24,9.3
Endocrinology,BR,unknown,Zentril800,8048.49,11,792,111,76.95
Neurology,CG,unknown,Medivex954,8313.02,14,597,180,97.31
Oncology,BR,unknown,Carezym649,30988.09,10,544,190,167.8
Obstetrics/Gynecology,HP,unknown,Apexlax99,4228.22,10,836,166,93.79
Cardiology,OD,unknown,Ashazide859,2290.49,12,1079,13,71.32
Urology,AS,unknown,Neolax438,9997.38,12,1112,117,92.43
Psychiatry,KL,unknown,Lifefer681,29641.44,15,602,148,176.45
Obstetrics/Gynecology,PB,unknown,Sanitril974,1905.42,5,291,17,48.29
Nephrology,HR,unknown,Neolax158,15684.94,10,647,116,136.71
Urology,BR,unknown,Apexprofen837,22212.84,13,852,117,158.48
Gastroenterology,RJ,unknown,Ashavex212,24397.92,15,816,125,158.66
Psychiatry,JH,unknown,Lifevir353,5966.22,6,579,198,74.83
Endocrinology,BR,unknown,Lifestat970,2595.98,5,324,51,50.47
Psychiatry,WB,unknown,Biodol107,119.41,10,938,4,2.26
General,OD,unknown,Arozym597,11623.27,12,486,95,91.4
Endocrinology,AS,unknown,Medicin6,8790.86,13,462,79,77.22
Urology,UP,unknown,Sanicin62,21236.45,9,686,139,148.2
Orthopedics,OD,unknown,Wellvex571,2646.14,8,925,14,50.81
Dermatology,OD,unknown,Apexmox621,12129.59,8,419,67,100.65
Gastroenterology,TR,unknown,Ashazide805,10535.29,8,608,72,111.13
Radiology,BR,unknown,Neotril745,710.08,15,198,10,22.64
General,KA,unknown,Swasthlax920,31677.07,17,447,182,181.11
Radiology,CH,unknown,Ashamox628,1606.65,14,1055,60,99.53
Nephrology,PB,unknown,Neovex123,15381.27,9,1069,104,149.05
Pulmonology,BR,unknown,Swasthvirin56,23782.65,5,872,152,153.84
Radiology,MN,unknown,Healvir559,33563.95,10,597,188,181.32
Psychiatry,KL,unknown,Medistat835,11069.71,17,699,62,122.22
General,OD,unknown,Vitalax491,15695.58,14,531,120,119.2
Psychiatry,UP,unknown,Medidol536,2559.05,12,479,26,53.78
Gastroenterology,PB,unknown,Heallax722,15989.7,8,958,145,126.63
Psychiatry,AS,unknown,Zenstat163,13415.09,17,827,135,127.83
Orthopedics,PB,unknown,Curetril724,204.31,7,171,2,1.76
Ophthalmology,MH,unknown,Swasthcin899,42976.88,7,835,192,182.51
Neurology,AS,unknown,Apexprofen837,9300.53,13,505,99,78.65
ENT,DL,unknown,Vitazym489,15518.26,12,506,177,115.18
Radiology,UP,unknown,Medicillin551,5654.9,10,329,41,59.54
Endocrinology,UK,unknown,Carezym649,11318.69,10,499,125,97.65
ENT,PB,unknown,Vitavirin494,6244.09,15,605,110,75.48
Pediatrics,CG,unknown,Arozym597,14478.52,12,931,183,111.6
Endocrinology,AP,unknown,Carezym249,2299.1,11,898,41,53.88
Radiology,WB,unknown,Zencillin705,16312.31,9,367,197,141.22
Anesthesiology,RJ,unknown,Sanilax793,5258.01,8,334,73,64.26
Orthopedics,CH,unknown,Arostat294,17384.23,15,422,192,128.36
Orthopedics,UP,unknown,Medivex682,16222.79,11,344,80,133.77
Pulmonology,BR,unknown,Apexvex981,11857.58,11,91,78,79.42
ENT,UP,unknown,Apexvex958,7092.37,16,292,103,63.89
General,AS,unknown,Healfer248,28761.46,11,378,154,158.86
Rheumatology,UK,unknown,Medicillin326,15079.77,11,311,94,94.67
Dermatology,RJ,unknown,Neovex882,11490.29,14,158,142,79.7
Oncology,CH,unknown,Sanitril974,7227.89,5,276,33,66.9
Obstetrics/Gynecology,AS,unknown,Curecillin274,85.54,14,403,9,3.35
Anesthesiology,KL,unknown,Swasthvex584,11225.91,10,203,190,97.38
Rheumatology,UK,unknown,Medidol693,1772.45,8,311,17,61.87
Ophthalmology,AS,unknown,Zenmox505,12432.56,7,1079,120,122.33
Ophthalmology,CG,unknown,Vitatril903,13634.0,11,128,83,91.29
Urology,BR,unknown,Sanivex389,558.17,10,846,8,16.81
Endocrinology,TN,unknown,Carecillin874,96.09,13,130,5,3.41
Rheumatology,RJ,unknown,Zentril751,5227.51,15,836,63,87.43
Ophthalmology,TN,unknown,Lifevirin369,36969.82,9,885,175,189.71
Gastroenterology,JH,unknown,Medidol872,1027.05,13,784,14,18.74
Rheumatology,AS,unknown,Medivex8,32292.51,9,398,177,173.53
Rheumatology,KL,unknown,Careprofen462,5197.42,13,654,40,81.79
Orthopedics,HR,unknown,Swasthcillin797,12945.37,9,1072,84,118.11
Obstetrics/Gynecology,BR,unknown,Healdol271,25113.14,8,526,123,163.67
ENT,MN,unknown,Curezide690,20635.6,15,928,130,147.35
Dermatology,UK,unknown,Sanicin900,1079.77,11,680,28,11.62
Cardiology,WB,unknown,Biomox294,8715.98,8,491,132,121.31
Urology,AP,unknown,Carevir940,28445.75,15,652,200,166.34
Gastroenterology,DL,unknown,Neolax158,9416.78,10,404,60,92.2
Ophthalmology,RJ,unknown,Swasthcillin797,6178.73,9,375,53,72.01
Gastroenterology,TR,unknown,Neolax331,132.45,11,1303,2,1.52
ENT,KA,unknown,Neofer71,6736.8,14,845,57,110.59
General,BR,unknown,Lifefer599,4767.7,12,1016,70,115.4
Gastroenterology,KL,unknown,Carecillin874,9500.5,13,1087,87,109.62
Obstetrics/Gynecology,RJ,unknown,Healcin727,3377.01,9,1160,67,84.64
Dermatology,HR,unknown,Neolax331,9512.36,11,419,78,121.91
Nephrology,PB,unknown,Zencin870,28763.79,9,452,147,165.73
Anesthesiology,GJ,unknown,Arolax663,6130.82,10,606,128,92.74
Orthopedics,TN,unknown,Curemox951,7512.02,13,436,84,74.25
Gastroenterology,RJ,unknown,Wellstat916,3179.01,9,816,47,63.27
Psychiatry,WB,unknown,Sanidol745,8819.88,14,508,98,112.66
Rheumatology,RJ,unknown,Apexprofen837,18662.11,13,836,200,127.59
Psychiatry,AP,unknown,Curezym407,205.25,12,1022,3,2.58
Oncology,HR,unknown,Healmox733,2225.39,11,740,199,60.94
ENT,HP,unknown,Healzym92,14320.19,10,484,173,115.61
Obstetrics/Gynecology,AS,unknown,Curemox588,28220.46,12,403,146,164.16
Cardiology,HP,unknown,Healdol155,3263.02,4,744,49,133.12
Rheumatology,JH,unknown,Medicin6,36082.12,13,583,181,187.91
Dermatology,MP,unknown,Zenzide397,6279.48,12,985,82,115.71
Ophthalmology,MH,unknown,Ashafer572,3044.56,12,442,31,44.4
Neurology,KA,unknown,Swasthvir250,16655.03,8,206,77,112.17
Nephrology,UK,unknown,Carelax388,1012.42,13,124,28,18.83
Oncology,OD,unknown,Swasthlax312,2417.1,8,898,30,48.42
Rheumatology,HP,unknown,Curetril365,8196.06,16,435,158,87.48
Pediatrics,AS,unknown,Healstat20,5227.81,9,628,88,80.84
Gastroenterology,HP,unknown,Neocillin820,11337.67,11,842,140,102.21
Gastroenterology,WB,unknown,Wellstat189,1179.6,4,1312,41,35.56
Psychiatry,UP,unknown,Curezym441,8588.43,9,479,125,98.83
Urology,OD,unknown,Medivirin149,7693.11,11,374,47,78.98
Radiology,PB,unknown,Swasthvirin259,18941.21,6,865,102,148.59
Psychiatry,AP,unknown,Wellvir735,20612.67,10,602,116,127.4
Oncology,KA,unknown,Lifevirin760,26245.69,6,537,195,161.45
Cardiology,AP,unknown,Aromox297,1903.29,15,351,26,34.04
Nephrology,UK,unknown,Neovir499,13146.7,11,416,63,122.96
Pediatrics,HR,unknown,Arocin635,2872.16,12,613,166,35.25
General,KA,unknown,Biovir132,3299.83,11,459,157,70.2
Anesthesiology,RJ,unknown,Neotril117,16544.02,8,334,120,127.62
Urology,RJ,unknown,Arovex270,6773.79,6,446,46,78.69
Dermatology,DL,unknown,Apexcin125,14608.81,10,413,137,109.15
Gastroenterology,PB,unknown,Heallax1,25152.19,7,958,199,159.88
Rheumatology,AP,unknown,Healcin685,3029.66,11,378,193,40.95
Gastroenterology,HP,unknown,Careprofen462,3293.69,13,923,79,77.64
Oncology,GJ,unknown,Biovir132,3415.68,11,688,155,66.55
Psychiatry,JH,unknown,Zencillin529,10380.95,17,579,115,86.34
Rheumatology,TN,unknown,Apexprofen138,6431.11,7,335,31,72.43
General,DL,unknown,Apexvex303,6484.25,13,722,168,69.07
Cardiology,MN,unknown,Lifetril52,18782.52,10,599,139,122.28
Radiology,UP,unknown,Ashamox426,3623.08,10,462,87,33.16
Rheumatology,KA,unknown,Ashamox628,27665.72,14,947,161,173.7
Nephrology,TR,unknown,Neovex829,3057.82,17,510,80,75.58
Obstetrics/Gynecology,HP,unknown,Swasthvirin234,22649.72,8,480,163,138.62
Anesthesiology,PB,unknown,Swasthcillin239,6582.92,7,535,56,88.33
Cardiology,OD,unknown,Apexlax32,2301.28,7,1108,20,64.67
Gastroenterology,PB,unknown,Medivex682,9062.16,11,99,46,74.44
Pulmonology,UP,unknown,Neodol14,12764.39,7,510,92,121.69
Ophthalmology,TR,unknown,Healstat572,12818.49,9,525,93,111.92
Dermatology,AS,unknown,Swasthstat517,14058.33,9,501,181,98.01
Ophthalmology,BR,unknown,Lifezide398,18208.48,11,692,118,146.89
Cardiology,WB,unknown,Arodol427,5085.05,9,556,64,77.36
Radiology,DL,unknown,Ashafer238,32853.74,10,401,196,178.65
Radiology,MN,unknown,Medicillin460,10247.7,11,597,50,90.37
Ophthalmology,KL,unknown,Wellstat850,25869.16,8,817,165,166.45
General,UP,unknown,Neomox211,8559.5,10,609,64,92.32
Pulmonology,MN,unknown,Ashaprofen556,13028.55,9,407,81,90.31
Obstetrics/Gynecology,BR,unknown,Zencin870,4340.97,9,630,22,65.34
Ophthalmology,UK,unknown,Bioprofen561,16551.2,7,456,112,113.75
Oncology,PB,unknown,Apexdol811,10132.1,8,871,44,103.45
Ophthalmology,TN,unknown,Zenstat163,1216.95,17,307,11,18.49
Endocrinology,KA,unknown,Healvirin988,3903.86,17,621,199,67.68
Radiology,CH,unknown,Carelax388,3282.11,13,1055,174,110.16
Endocrinology,HP,unknown,Medivex292,16932.32,9,671,103,115.33
Radiology,GJ,unknown,Ashavir50,3011.88,10,471,40,67.66
ENT,KL,unknown,Vitastat241,5634.38,17,1217,83,78.99
Psychiatry,KL,unknown,Arovex70,5066.14,8,525,30,73.36
Oncology,OD,unknown,Ashavex484,2998.4,5,898,42,77.28
Anesthesiology,AS,unknown,Carelax6,9939.09,15,511,184,94.88
Rheumatology,MN,unknown,Zenzym888,12266.92,8,181,72,77.2
Oncology,MP,unknown,Arotril943,8342.33,9,522,88,82.14
Endocrinology,KL,unknown,Healstat994,15340.0,12,918,119,127.67
Psychiatry,JH,unknown,Zenvir553,3293.89,9,694,113,47.68
Pediatrics,HR,unknown,Healvex100,19707.09,5,1052,145,163.29
Anesthesiology,CG,unknown,Lifestat423,25185.02,8,475,152,162.92
Urology,AP,unknown,Zenvirin86,1893.44,11,652,118,36.32
Ophthalmology,BR,unknown,Arotril826,3614.11,10,483,22,51.4
Orthopedics,AS,unknown,Vitazym494,9561.73,11,186,100,76.03
Obstetrics/Gynecology,KL,unknown,Curefer387,3896.5,11,128,73,45.35
Gastroenterology,MN,unknown,Ashamox426,19484.5,10,379,95,128.95
Gastroenterology,UP,unknown,Medizym504,17370.14,8,415,97,140.05
Neurology,OD,unknown,Medilax236,59.11,10,201,1,4.43
Urology,BR,unknown,Zencin870,170.74,9,758,2,2.02
ENT,HR,unknown,Ashavex496,18940.71,9,274,195,131.15
General,KA,unknown,Healfer23,6781.6,9,447,149,89.88
Anesthesiology,GJ,unknown,Curezide690,21924.78,15,606,99,135.36
General,MN,unknown,Mediprofen671,5003.22,12,1008,86,106.1
Cardiology,TN,unknown,Arovirin33,28349.36,16,543,200,159.55
Urology,DL,unknown,Ashaprofen638,3601.37,14,679,161,52.31
Endocrinology,PB,unknown,Wellcillin805,4897.59,12,722,31,76.47
Nephrology,RJ,unknown,Biovir544,3632.17,12,803,19,67.7
Psychiatry,BR,unknown,Sanitril450,12624.26,9,217,73,95.11
ENT,KA,unknown,Vitazide172,7621.59,15,723,41,104.07
ENT,RJ,unknown,Vitavirin494,13081.98,15,578,145,126.66
Orthopedics,PB,unknown,Neomox257,1470.67,12,171,57,42.42
Neurology,HP,unknown,Healzym92,414.06,10,245,7,13.37
Neurology,UP,unknown,Vitafer340,11367.53,19,637,182,121.7
ENT,MN,unknown,Cureprofen611,33557.33,15,479,156,181.8
Cardiology,OD,unknown,Curetril365,17014.91,16,1108,160,119.52
ENT,CH,unknown,Medimox812,3328.55,8,171,30,49.93
Orthopedics,TR,unknown,Ashafer961,15614.59,12,207,115,116.13
Ophthalmology,BR,unknown,Arodol411,7729.51,8,483,37,86.69
Psychiatry,MN,unknown,Aroprofen945,7267.19,7,208,54,59.74
General,TN,unknown,Biovir459,1367.91,10,285,16,46.81
General,MN,unknown,Curezym407,13564.98,12,780,121,107.45
Endocrinology,MH,unknown,Zenvex524,1034.2,9,526,21,19.13
Orthopedics,JH,unknown,Carezide136,3967.29,11,312,52,52.24
ENT,AS,unknown,Neocin763,4908.25,8,635,42,83.59
Nephrology,KA,unknown,Arotril94,1109.57,12,421,37,14.92
Orthopedics,TN,unknown,Welltril714,34433.43,10,699,198,179.76
ENT,RJ,unknown,Apexlax758,21709.28,12,397,137,142.35
Dermatology,UK,unknown,Zenmox709,28088.56,13,680,193,175.36
Urology,MH,unknown,Healfer23,14879.98,9,603,178,109.08
Orthopedics,BR,unknown,Arovex870,16557.62,9,859,128,122.61
Pediatrics,JH,unknown,Arozide106,11656.67,12,1217,108,109.89
Radiology,OD,unknown,Arozide668,4105.21,12,844,45,105.52
Nephrology,PB,unknown,Medivex292,4014.3,9,1069,126,99.08
Obstetrics/Gynecology,KA,unknown,Ashamox912,7720.81,8,900,79,96.3
Nephrology,TN,unknown,Ashafer618,2789.91,10,202,80,28.83
ENT,JH,unknown,Vitazide172,20753.99,15,832,172,153.04
Pediatrics,HR,unknown,Carevir496,4021.52,8,613,93,60.73
Radiology,MH,unknown,Ashaprofen638,21722.1,14,546,115,145.4
Gastroenterology,TN,unknown,Neovirin490,1881.57,8,409,16,34.12
Nephrology,AP,unknown,Apexfer332,4657.42,8,394,120,44.02
Dermatology,HP,unknown,Wellcillin805,7583.72,12,239,89,62.66
Neurology,TR,unknown,Swasthstat691,145.31,8,408,6,3.14
Ophthalmology,RJ,unknown,Sanitril186,6478.65,6,862,35,125.6
Orthopedics,UP,unknown,Vitamox973,6430.69,14,344,134,61.77
Cardiology,UK,unknown,Lifevir89,423.37,6,213,27,15.16
General,TN,unknown,Ashavex771,4642.76,15,276,81,54.53
Gastroenterology,WB,unknown,Mediprofen799,33516.42,14,530,157,176.07
Orthopedics,TR,unknown,Wellzide657,5070.84,9,207,51,58.21
